id,label
FOREARM_000b20cbe3,NA
FOREARM_000be2e9ab,1
FOREARM_00192d1b21,NA
FOREARM_0055c4c62a,1
FOREARM_00f72d1153,0
FOREARM_012cefba64,NA
FOREARM_01eb7f88b4,NA
FOREARM_02cc236db2,NA
FOREARM_033853ffc2,1
FOREARM_034e43e6c1,NA
FOREARM_03a5172850,NA
FOREARM_03ae4567e8,NA
FOREARM_03d1a9136a,NA
FOREARM_03fed71e48,0
FOREARM_04e92c5f51,0
FOREARM_050ab35d7c,NA
FOREARM_05925c6dd7,NA
FOREARM_064fc82961,NA
FOREARM_0659bbdf0c,0
FOREARM_067bf88d36,NA
FOREARM_068145fb88,NA
FOREARM_06aff8fea1,0
FOREARM_06e12fae15,NA
FOREARM_06e7e22cfb,NA
FOREARM_071f8b9e6d,NA
FOREARM_07774727f9,NA
FOREARM_088ed41318,NA
FOREARM_09478e7ed8,NA
FOREARM_098f56a504,1
FOREARM_0a221cccb3,NA
FOREARM_0acc98a349,NA
FOREARM_0afe81c9de,0
FOREARM_0b00ad5f30,0
FOREARM_0b0f12fbc8,NA
FOREARM_0b544bcc45,NA
FOREARM_0ceb792cc1,NA
FOREARM_0d0c815e1d,NA
FOREARM_0d29f0d288,NA
FOREARM_0d2b8fd761,NA
FOREARM_0d6bf86b85,0
FOREARM_0d7c8e8abe,NA
FOREARM_0dedbc392b,NA
FOREARM_0df0f40bd7,NA
FOREARM_0df854682e,0
FOREARM_0e9ad6d2d7,NA
FOREARM_0f80093fb6,1
FOREARM_10011b4357,NA
FOREARM_101d4d8a75,NA
FOREARM_11293ed730,NA
FOREARM_11af9f02b1,0
FOREARM_12059b8c15,NA
FOREARM_1235775872,0
FOREARM_12bf8561d6,NA
FOREARM_13aac0ae88,NA
FOREARM_1447e9f7d4,NA
FOREARM_1628a8bf30,0
FOREARM_163408a4d4,NA
FOREARM_16463bc8ec,0
FOREARM_1658e41914,NA
FOREARM_16c1659854,0
FOREARM_1718638d07,NA
FOREARM_174fb423dc,NA
FOREARM_176aaefe45,NA
FOREARM_18b352daa7,NA
FOREARM_18e86dc7cb,NA
FOREARM_19b195c6ad,NA
FOREARM_19d4e51c50,1
FOREARM_1a1b2f5e5d,0
FOREARM_1a2ed428f6,NA
FOREARM_1a36b3f088,NA
FOREARM_1a54079b68,NA
FOREARM_1b4bfd9f57,NA
FOREARM_1bf027f1b7,1
FOREARM_1c55997544,0
FOREARM_1c771a0934,NA
FOREARM_1c9a4538cb,NA
FOREARM_1ca40727ef,NA
FOREARM_1cd3499984,NA
FOREARM_1d066eb498,NA
FOREARM_1d559a062e,0
FOREARM_1d76e38f97,0
FOREARM_1d76f3c7ab,NA
FOREARM_1da3f592da,1
FOREARM_1e4fbb64cb,NA
FOREARM_1ead0303b2,NA
FOREARM_1ece0549ff,1
FOREARM_1f83a57afa,NA
FOREARM_1f922566de,0
FOREARM_1fcc6d68b5,NA
FOREARM_1fe48841f1,0
FOREARM_20138f3790,1
FOREARM_20fc8e63f1,1
FOREARM_210145edc1,NA
FOREARM_2103a23dea,NA
FOREARM_228bfe74a1,NA
FOREARM_22df6f9118,NA
FOREARM_22e5ca4593,NA
FOREARM_2426f8d685,0
FOREARM_24528189c9,NA
FOREARM_2496a538df,NA
FOREARM_258b0dfb55,0
FOREARM_26fc447677,NA
FOREARM_270e4d2a9f,0
FOREARM_273276f96d,NA
FOREARM_27521519bd,NA
FOREARM_27685c7eb5,NA
FOREARM_27d81a811c,NA
FOREARM_284cd9e981,0
FOREARM_28df108e0b,0
FOREARM_292ef05737,0
FOREARM_297053c83a,NA
FOREARM_297b4274a0,NA
FOREARM_2a3bd13762,NA
FOREARM_2aa9b3d5e5,0
FOREARM_2b214b4fe4,0
FOREARM_2b83b59905,NA
FOREARM_2b842b06a7,NA
FOREARM_2bd3a4306d,0
FOREARM_2c3fb7758a,NA
FOREARM_2c6f162b8f,NA
FOREARM_2c7772f709,NA
FOREARM_2caa58bd60,1
FOREARM_2cb8112437,NA
FOREARM_2cc1c43ef0,1
FOREARM_2ce5e49877,NA
FOREARM_2d0b461167,NA
FOREARM_2d99c92396,NA
FOREARM_2def6b1ee5,1
FOREARM_2df270de10,NA
FOREARM_2e02d30370,NA
FOREARM_2e3f7f6b05,NA
FOREARM_2e68fdc443,NA
FOREARM_2ebf81de5d,NA
FOREARM_2f271064af,NA
FOREARM_2f9019a9f4,NA
FOREARM_3052858bf3,NA
FOREARM_30820aee6c,NA
FOREARM_30d7cb6680,1
FOREARM_31b06c109e,1
FOREARM_31dbbb1d29,0
FOREARM_3215e12f98,NA
FOREARM_32c53479d7,NA
FOREARM_32cd85b779,NA
FOREARM_3337fb8856,NA
FOREARM_336c2ecb96,NA
FOREARM_33a3df9501,NA
FOREARM_33b1c311b9,0
FOREARM_34edf03708,NA
FOREARM_35bd84e8d7,NA
FOREARM_35e76f22d3,0
FOREARM_35ebb298de,NA
FOREARM_36593a9f6f,NA
FOREARM_3682ee3ae7,NA
FOREARM_368827bc5b,NA
FOREARM_36962e9392,0
FOREARM_36ac8d061e,NA
FOREARM_36d9926a4d,NA
FOREARM_37723f3921,NA
FOREARM_3796c13304,NA
FOREARM_381125ff6f,NA
FOREARM_3836b16dda,0
FOREARM_3838405b14,NA
FOREARM_3838a761fc,0
FOREARM_38c807c0b4,NA
FOREARM_394b6384cc,0
FOREARM_3956e89237,1
FOREARM_396c33175d,1
FOREARM_3984ae9450,1
FOREARM_39af1bfcd3,NA
FOREARM_39ccf0270d,0
FOREARM_39eb0cef2b,NA
FOREARM_3bdf7bcba1,NA
FOREARM_3bf7506409,NA
FOREARM_3c29739583,NA
FOREARM_3cf504d9c5,NA
FOREARM_3d72c3d0fa,NA
FOREARM_3da0548c5b,1
FOREARM_3dde8c6764,NA
FOREARM_3e00f2d901,NA
FOREARM_3e078a509d,NA
FOREARM_3eeee8a201,0
FOREARM_3f402c6d4a,NA
FOREARM_3f81bab04b,NA
FOREARM_3f8dc43ad7,1
FOREARM_3f95bf860b,0
FOREARM_3fd89140da,NA
FOREARM_401d552eb1,NA
FOREARM_401def33de,NA
FOREARM_40a35c0fc5,NA
FOREARM_40e3c6a8c5,NA
FOREARM_4128a9b722,0
FOREARM_41878224d3,NA
FOREARM_41b58b442a,NA
FOREARM_4201e6b569,NA
FOREARM_4209bd0f31,NA
FOREARM_42419e0e26,NA
FOREARM_4266368365,NA
FOREARM_42de6b4a61,NA
FOREARM_4307aa5e70,1
FOREARM_4314971a5a,NA
FOREARM_43abf16779,0
FOREARM_44772cd38d,0
FOREARM_44c7ec4440,NA
FOREARM_466e53354d,0
FOREARM_46bad1ef5e,NA
FOREARM_4748ee6918,NA
FOREARM_479a4b6d86,0
FOREARM_47ff453b03,NA
FOREARM_48d83cffcd,0
FOREARM_48f856770b,NA
FOREARM_490b30f625,NA
FOREARM_4931c3636f,NA
FOREARM_4954eb8e56,NA
FOREARM_4977e13b38,0
FOREARM_499b69652d,NA
FOREARM_49b77d8d4b,0
FOREARM_49c674b9ec,NA
FOREARM_4a5c7c8527,NA
FOREARM_4a9eeb0bae,NA
FOREARM_4ad5a39c56,NA
FOREARM_4b02fe2d26,NA
FOREARM_4b233d6f20,0
FOREARM_4b4ac42c62,NA
FOREARM_4b7e7e1e16,NA
FOREARM_4bcea49ff9,1
FOREARM_4bd93408f4,NA
FOREARM_4bd99328e2,NA
FOREARM_4c1f6f2070,NA
FOREARM_4c8911ff03,NA
FOREARM_4c9e64e716,NA
FOREARM_4cfd682539,NA
FOREARM_4d2ab4250a,NA
FOREARM_4d5ea2ace0,0
FOREARM_4d7370f5a4,NA
FOREARM_4d96b2740c,NA
FOREARM_4d98e61c12,NA
FOREARM_4da69b43bf,NA
FOREARM_4dae25f072,NA
FOREARM_4e3c51291f,NA
FOREARM_4e5051437e,1
FOREARM_4e98543c54,NA
FOREARM_4ec6fa3037,NA
FOREARM_4f5c3a11fe,NA
FOREARM_4f5d379a56,NA
FOREARM_509d89790d,NA
FOREARM_50fdaae55d,0
FOREARM_516ca66349,NA
FOREARM_5196aca013,NA
FOREARM_519d01fb06,NA
FOREARM_52286c18b9,1
FOREARM_525ba7e49d,NA
FOREARM_52eea856e2,NA
FOREARM_53302b97df,NA
FOREARM_538751daf8,NA
FOREARM_539073ba4e,NA
FOREARM_53a89ed2c3,0
FOREARM_53ce635546,NA
FOREARM_53e7389298,NA
FOREARM_543f9d8622,NA
FOREARM_544ffdaa34,0
FOREARM_54ddd7b5d1,0
FOREARM_55069ddd4d,NA
FOREARM_55113310d2,NA
FOREARM_5568205be2,NA
FOREARM_5569c341a6,NA
FOREARM_556e7dbf65,NA
FOREARM_55e72a01c0,NA
FOREARM_5621d630f8,0
FOREARM_57022159f5,NA
FOREARM_574c962504,1
FOREARM_57790746c5,NA
FOREARM_5845eecba3,NA
FOREARM_585d5e8c3d,NA
FOREARM_591d747155,1
FOREARM_5977c47e3c,0
FOREARM_59ca56424d,NA
FOREARM_5a02515983,NA
FOREARM_5a95d56715,NA
FOREARM_5aca768991,NA
FOREARM_5b2a5ce32d,NA
FOREARM_5bf539f241,NA
FOREARM_5c3046938a,0
FOREARM_5c643c2806,NA
FOREARM_5cbfaa3cf8,NA
FOREARM_5d09a7a24a,1
FOREARM_5d0c181d5a,NA
FOREARM_5d5106bf03,NA
FOREARM_5d60419fb2,NA
FOREARM_5de13f3d1d,NA
FOREARM_5e726d38b5,NA
FOREARM_5e77024763,NA
FOREARM_5e8222e309,NA
FOREARM_5e9d153932,NA
FOREARM_5f068dcb8d,NA
FOREARM_5fb8a41ebc,0
FOREARM_625bfa9dcb,NA
FOREARM_627222836d,0
FOREARM_627956c4a5,NA
FOREARM_63c9118b67,0
FOREARM_63dfdf5c8d,NA
FOREARM_6455b33ad5,NA
FOREARM_662e184746,NA
FOREARM_665ad13883,NA
FOREARM_666d16eee2,1
FOREARM_66721a8ef8,1
FOREARM_66c58a115c,1
FOREARM_671827da32,NA
FOREARM_676ef36fcc,NA
FOREARM_67aa4f31a1,0
FOREARM_67e3362ec1,0
FOREARM_68089634b3,NA
FOREARM_685fd8bd67,NA
FOREARM_686ac91283,NA
FOREARM_686ae62216,NA
FOREARM_686d5faf0f,0
FOREARM_688023d1b3,NA
FOREARM_68816b2536,1
FOREARM_689b8ba8f9,NA
FOREARM_68adf55ccb,NA
FOREARM_68c3c23f35,0
FOREARM_6916711d36,NA
FOREARM_69b7183f76,1
FOREARM_6a6a3f6296,NA
FOREARM_6aba6b0879,NA
FOREARM_6b11bb1f52,NA
FOREARM_6b939b3fd9,NA
FOREARM_6c017893b6,0
FOREARM_6c4f384695,NA
FOREARM_6c9df173a9,NA
FOREARM_6cae97ef39,NA
FOREARM_6cf7ef960d,NA
FOREARM_6e3ffab348,NA
FOREARM_6efe2a6850,0
FOREARM_6fd0759371,NA
FOREARM_6ff7d6b518,NA
FOREARM_70086cd449,0
FOREARM_700ba675f6,1
FOREARM_703f5bf6fb,0
FOREARM_70dd397a9e,0
FOREARM_70e56c6b0d,0
FOREARM_70ed1b27f8,NA
FOREARM_70fad4be9c,NA
FOREARM_71c3ed21bb,0
FOREARM_71d6035d9d,0
FOREARM_727261d387,NA
FOREARM_727466e979,NA
FOREARM_7293c8a16a,NA
FOREARM_72b1ae261b,NA
FOREARM_734d8d1719,NA
FOREARM_7386313ef8,NA
FOREARM_755522c3e4,NA
FOREARM_7559f79a3b,NA
FOREARM_75689dc4f7,NA
FOREARM_7592213c58,1
FOREARM_762990c9da,0
FOREARM_76af40e78b,0
FOREARM_7707ad3768,NA
FOREARM_77387cb18f,0
FOREARM_7752e74d49,NA
FOREARM_77762ca260,0
FOREARM_77a9d0dd6f,0
FOREARM_77bc54b9ba,0
FOREARM_78e0471c65,0
FOREARM_7926dcf78b,0
FOREARM_794a57022e,0
FOREARM_79ceab42a8,0
FOREARM_7a22027881,0
FOREARM_7a59a1cefb,0
FOREARM_7afde7f430,0
FOREARM_7b1989a67f,0
FOREARM_7c6ebcc7f8,0
FOREARM_7d2d9d9aae,0
FOREARM_7dcce986a8,0
FOREARM_7df5a785af,1
FOREARM_7e14e1ae3a,0
FOREARM_7f05dc6a18,1
FOREARM_7f8ad47796,0
FOREARM_7fd629f7c7,0
FOREARM_8006f90660,0
FOREARM_8016d48d49,0
FOREARM_81356bed0b,0
FOREARM_8145351813,0
FOREARM_81af1f9252,1
FOREARM_8264f665a3,0
FOREARM_8326b5e065,0
FOREARM_83734b12d5,1
FOREARM_8461e2c891,1
FOREARM_847a4c5dcf,0
FOREARM_84ab9fa957,0
FOREARM_84d959057f,0
FOREARM_85ebcdbf91,0
FOREARM_85f7b49c42,0
FOREARM_86049dad57,0
FOREARM_86bfa6012c,0
FOREARM_87235b19ec,0
FOREARM_872b88be0c,0
FOREARM_873dde28ca,1
FOREARM_878b4e4248,1
FOREARM_8790991f23,0
FOREARM_891d6a75ce,0
FOREARM_89263fae57,1
FOREARM_89928d3eea,1
FOREARM_8a53479aff,1
FOREARM_8a6b74cbf4,1
FOREARM_8b01de0729,0
FOREARM_8b9b32299b,0
FOREARM_8bd9049e78,0
FOREARM_8beb45b519,1
FOREARM_8c2c0f096d,0
FOREARM_8c796b90a2,0
FOREARM_8d1dfdb336,0
FOREARM_8e242464d0,1
FOREARM_8f5789b2a5,1
FOREARM_8fb5045649,1
FOREARM_8fc02ed2d3,0
FOREARM_8fc12ffa4f,0
FOREARM_908df6238e,1
FOREARM_90d26649bd,0
FOREARM_910a426ec2,0
FOREARM_9131156d40,0
FOREARM_915e54f8ca,0
FOREARM_91fcb34726,0
FOREARM_925f56dc8e,1
FOREARM_927f0574a0,0
FOREARM_92fb462319,0
FOREARM_931b5f1266,1
FOREARM_9325f91126,0
FOREARM_94d1ca2b92,1
FOREARM_953eca5569,0
FOREARM_955f30d9ce,1
FOREARM_962049935a,0
FOREARM_970b0e653b,0
FOREARM_971f9c68a3,0
FOREARM_97e5294b44,1
FOREARM_98ef20d405,1
FOREARM_9905892d61,0
FOREARM_9a372abf5c,1
FOREARM_9a773c9eae,0
FOREARM_9a7ce4bdb5,0
FOREARM_9a8f8dada7,1
FOREARM_9a9aa926e0,1
FOREARM_9c2aabea72,0
FOREARM_9ca431b7d9,0
FOREARM_9cc36dd26f,1
FOREARM_a0ceb0c0b2,0
FOREARM_a12796bd0a,0
FOREARM_a14cbf8d99,0
FOREARM_a18a0edc48,1
FOREARM_a18e44a24a,0
FOREARM_a19283ae40,0
FOREARM_a1da0a4e95,0
FOREARM_a1f0a27f30,0
FOREARM_a22a7fa3be,0
FOREARM_a26a77f6eb,0
FOREARM_a276f19ebf,0
FOREARM_a308d1e1c2,0
FOREARM_a342820ee3,1
FOREARM_a34cbfbffc,0
FOREARM_a3919d3c98,1
FOREARM_a394647511,1
FOREARM_a3c21cca31,0
FOREARM_a3d8cdf8b4,0
FOREARM_a411d25eef,1
FOREARM_a4a7cc7273,0
FOREARM_a50f3febc1,1
FOREARM_a5108f74ef,0
FOREARM_a6200ba804,0
FOREARM_a64ae4f000,0
FOREARM_a66b2327be,0
FOREARM_a68aafecda,0
FOREARM_a6e1a0b5f4,0
FOREARM_a6f72ef11f,0
FOREARM_a708321929,1
FOREARM_a7bd6a4a8c,1
FOREARM_a7c73be625,0
FOREARM_a808017bab,0
FOREARM_a847360956,1
FOREARM_a885a90789,1
FOREARM_a8d589c52b,1
FOREARM_a90b7ee5c3,0
FOREARM_a93e8a41a8,1
FOREARM_a976352ba4,1
FOREARM_a9776095bd,0
FOREARM_aa73df3691,0
FOREARM_aaa6b11dbf,0
FOREARM_ab09c63a82,0
FOREARM_ab8ae74bd2,0
FOREARM_abe2f80e54,0
FOREARM_ac14aacb65,0
FOREARM_ac5e2929bd,0
FOREARM_acbdc3007c,0
FOREARM_acd6cbfc87,0
FOREARM_acf8dfe5ba,0
FOREARM_ad12999b5e,0
FOREARM_ad63e36251,1
FOREARM_ad92960df7,1
FOREARM_ae10d5397c,1
FOREARM_aeb1cb3409,1
FOREARM_aedc58a7e5,0
FOREARM_af263b88af,0
FOREARM_af85a989c8,0
FOREARM_afa144435b,1
FOREARM_aff0ee4f6a,1
FOREARM_b07fe9a025,0
FOREARM_b0a5d191ac,0
FOREARM_b0d1fc0f8d,1
FOREARM_b157d3923b,0
FOREARM_b1596e5098,0
FOREARM_b19665a407,0
FOREARM_b2a856d325,1
FOREARM_b34107d232,0
FOREARM_b37075f7f5,0
FOREARM_b56d4f4bcb,1
FOREARM_b5b3facab9,0
FOREARM_b5da95cdbf,0
FOREARM_b5ed67ff2c,0
FOREARM_b62cee9693,1
FOREARM_b66164ce19,1
FOREARM_b6d399c19a,1
FOREARM_b6e7d4ab49,0
FOREARM_b998769623,0
FOREARM_b9d64c3f8f,1
FOREARM_ba817c9327,1
FOREARM_bb80dfbb2b,0
FOREARM_bbe5b6f438,0
FOREARM_bc0214cd88,0
FOREARM_bc2eb062c8,1
FOREARM_bc7ac0bf94,1
FOREARM_bc9240cc8a,0
FOREARM_bca494ead8,0
FOREARM_bdd2aca6d1,0
FOREARM_bdd2fcb87e,0
FOREARM_bddeaae20f,0
FOREARM_bdf33f1620,1
FOREARM_be3b05a993,0
FOREARM_bed6eebf50,0
FOREARM_bedc5234d7,0
FOREARM_bede58f167,0
FOREARM_bf04de4896,1
FOREARM_bf4a7824fe,0
FOREARM_bf4b9408c9,0
FOREARM_bfcc09e968,1
FOREARM_bfedc1ba40,0
FOREARM_bffe6d98fa,1
FOREARM_c028b6cdc7,0
FOREARM_c0488febb9,0
FOREARM_c1402e69ea,0
FOREARM_c23e2da4d4,1
FOREARM_c2759dc5d0,1
FOREARM_c29bf129c9,0
FOREARM_c31ea260fa,0
FOREARM_c36343422c,0
FOREARM_c38b871ff3,0
FOREARM_c3911ebdf9,0
FOREARM_c397efc134,0
FOREARM_c3f87a2c6d,1
FOREARM_c40ee8c90c,1
FOREARM_c41464870e,0
FOREARM_c434238785,0
FOREARM_c4bd21188e,0
FOREARM_c4cd63c17c,0
FOREARM_c50aa0ef78,1
FOREARM_c51ab285f1,1
FOREARM_c51b06f757,0
FOREARM_c52bdeb0ae,1
FOREARM_c5a30965b8,0
FOREARM_c5cd5fc018,0
FOREARM_c5f0cf3725,0
FOREARM_c68f320fa7,0
FOREARM_c6bf15ef12,1
FOREARM_c6d6c1babf,0
FOREARM_c72dde0eaa,1
FOREARM_c75ddb0353,0
FOREARM_c7a0f8d8f1,0
FOREARM_c7abe69f5c,1
FOREARM_c7b3139df9,1
FOREARM_c7bb5d350b,0
FOREARM_c7c73d7032,0
FOREARM_c7ca24300b,1
FOREARM_c7d29e41a8,1
FOREARM_c7de8c7766,1
FOREARM_c7ff5331c5,0
FOREARM_c8ad2df4f9,0
FOREARM_c8bcebc0ec,1
FOREARM_c9b6955b83,0
FOREARM_ca0001a05f,1
FOREARM_ca0810f737,1
FOREARM_ca37326449,0
FOREARM_ca6338ef3b,1
FOREARM_ca88aba16b,0
FOREARM_ca90b3fd78,0
FOREARM_cafce20f6e,0
FOREARM_cba2d5b299,0
FOREARM_cbe3360e25,1
FOREARM_cbfd1fc086,0
FOREARM_cc1c504b22,1
FOREARM_cc1daab583,0
FOREARM_cc8628b818,0
FOREARM_cd6a89f332,0
FOREARM_cda7daf41c,0
FOREARM_cdc5491ea2,0
FOREARM_cdfde7994b,0
FOREARM_cf0d64180e,0
FOREARM_cf2cc8def7,1
FOREARM_cfbc8c289e,0
FOREARM_d0592e5dee,1
FOREARM_d0d6e25414,0
FOREARM_d0db04d3a6,0
FOREARM_d13535b3ad,0
FOREARM_d168a3abe2,1
FOREARM_d1c79eeb51,0
FOREARM_d32053cf50,0
FOREARM_d3701b7e8d,0
FOREARM_d384aa80e4,1
FOREARM_d3a1833b67,0
FOREARM_d3fa3c3753,1
FOREARM_d3fa9b12fd,0
FOREARM_d423b793ab,0
FOREARM_d556a18640,0
FOREARM_d5ab07b728,0
FOREARM_d641a2e91f,0
FOREARM_d6a7d725af,0
FOREARM_d711d1fac0,0
FOREARM_d73a068238,1
FOREARM_d759345e5b,0
FOREARM_d7a75e4c4f,1
FOREARM_d7acafaac0,1
FOREARM_d7ee089a1d,0
FOREARM_d8f264dfdd,1
FOREARM_d9182ec2e7,0
FOREARM_d98fb4ab9d,0
FOREARM_da436db444,1
FOREARM_da5bc5771d,0
FOREARM_da8e9d9291,0
FOREARM_dbbc6661cd,0
FOREARM_dbda57c708,0
FOREARM_dc5782375f,0
FOREARM_dc87d59eca,0
FOREARM_dc8e8cc898,0
FOREARM_dcf28b8a09,1
FOREARM_dde7e68db4,0
FOREARM_de02353483,1
FOREARM_de3e4d90fd,0
FOREARM_de5e8a6ad7,1
FOREARM_de89bdfc6d,0
FOREARM_df1cfa12ad,1
FOREARM_df3342a9b9,1
FOREARM_df6e321898,1
FOREARM_dfa9ed59ac,0
FOREARM_e01c2e672b,0
FOREARM_e0a6be3f3e,1
FOREARM_e0c79be0df,0
FOREARM_e119239d64,0
FOREARM_e14387372c,0
FOREARM_e282fa773a,0
FOREARM_e287749861,0
FOREARM_e2c5305343,0
FOREARM_e2c55b65bc,0
FOREARM_e3012fda11,0
FOREARM_e325fa80a6,1
FOREARM_e432c4430a,0
FOREARM_e51afb2acd,0
FOREARM_e5fe329ec7,0
FOREARM_e63b557c01,0
FOREARM_e63ef97061,1
FOREARM_e65b00c7f9,1
FOREARM_e6897333cd,0
FOREARM_e6d1302811,1
FOREARM_e733a8e4ce,0
FOREARM_e7c870fc06,0
FOREARM_e80ba92c75,0
FOREARM_e81f04d3f0,1
FOREARM_e8468c125d,0
FOREARM_e8910e4e6b,1
FOREARM_e8c655d2ec,0
FOREARM_e993374f45,0
FOREARM_ea83e82891,1
FOREARM_ea8d4fe9f9,0
FOREARM_eb0be326fc,0
FOREARM_eb0e9b59b0,0
FOREARM_eb8924eec8,0
FOREARM_ec1d966930,0
FOREARM_ec21ae2ed1,0
FOREARM_ec706709e7,0
FOREARM_ec77a2b162,0
FOREARM_ecec879290,0
FOREARM_ed066212e1,1
FOREARM_ed10937213,1
FOREARM_ed20e79fd7,1
FOREARM_ed4e095e20,0
FOREARM_edc56b5bc1,0
FOREARM_eddf8e8d56,0
FOREARM_ee8e6aba9d,0
FOREARM_eec8343126,0
FOREARM_ef5b8b44f5,0
FOREARM_ef5cf16eb3,0
FOREARM_efbee5a299,1
FOREARM_f03326bdad,1
FOREARM_f0bdcf7d67,1
FOREARM_f0d5c1852e,0
FOREARM_f122efe86e,0
FOREARM_f16727be65,0
FOREARM_f19a7fb621,0
FOREARM_f20fd25f62,0
FOREARM_f232146856,0
FOREARM_f29496274c,0
FOREARM_f3828f4011,0
FOREARM_f39142d7e9,0
FOREARM_f3dedaf53d,0
FOREARM_f56a849559,0
FOREARM_f68bc37770,0
FOREARM_f6a2b5d5c4,0
FOREARM_f6f3710db7,0
FOREARM_f70487abe8,0
FOREARM_f7050270c2,1
FOREARM_f735126467,0
FOREARM_f77703a1d6,1
FOREARM_f7c3090972,0
FOREARM_f7ce29efa0,1
FOREARM_f807217a4d,1
FOREARM_f81ced62c0,0
FOREARM_f82f75a095,0
FOREARM_f84f01043d,0
FOREARM_f8521cee4a,1
FOREARM_f946f37244,1
FOREARM_f9dd6897c0,0
FOREARM_f9e6ac729e,1
FOREARM_fa0e695f0c,0
FOREARM_fa1db318fb,1
FOREARM_fa51f75fc2,0
FOREARM_fabfd722ae,0
FOREARM_fac0da0fd9,0
FOREARM_fb1449690a,1
FOREARM_fb30119217,1
FOREARM_fb3b306d81,0
FOREARM_fc34e88753,1
FOREARM_fd2433c807,0
FOREARM_fd70acbf47,0
FOREARM_fdbd85cd6e,1
FOREARM_fdf6758d9a,1
FOREARM_fe478287b0,0
FOREARM_fe8ede5dec,1
FOREARM_feb0ee3918,1
FOREARM_fedb9bcb26,1
FOREARM_fedc33657f,0
FOREARM_ff0b98fe6e,0
FOREARM_ff144525f9,1
FOREARM_ff7b34f696,0
FOREARM_ffd5bf69d5,1
FOREARM_ffe41f25b6,0
HAND_00240a0ed1,NA
HAND_003b6ef7a6,NA
HAND_00487758e2,NA
HAND_00699a8304,NA
HAND_00eb6fcbab,0
HAND_0108202e91,NA
HAND_011fc802f6,NA
HAND_013067004b,NA
HAND_01631f14b7,NA
HAND_01dfab7801,0
HAND_01e82410c7,0
HAND_0242fc0e87,0
HAND_0248cfa36f,NA
HAND_024dbaf15f,NA
HAND_02907f9617,NA
HAND_02a8b39512,0
HAND_02c89867b4,0
HAND_02e0d7c443,NA
HAND_02fcc8d4f5,0
HAND_02fff76d9b,0
HAND_0335eecd58,NA
HAND_033c5eb797,NA
HAND_03d61607d6,0
HAND_03e6bf5dba,0
HAND_03f466fe8e,NA
HAND_045c0c89d7,NA
HAND_0489a0f961,NA
HAND_048e096dff,0
HAND_049aa35f9c,0
HAND_04debad219,NA
HAND_050b3fb8ba,0
HAND_051666c7d7,1
HAND_051b405382,NA
HAND_051bd58fbb,NA
HAND_055e82e6ef,NA
HAND_0574f2cc03,NA
HAND_0574f5c1f6,NA
HAND_05b0fb6af1,NA
HAND_05d01c0aa3,NA
HAND_05d2f16cf6,NA
HAND_05fbf9605c,NA
HAND_0604c996f7,NA
HAND_06a067b7c1,NA
HAND_06cf411c88,NA
HAND_07273c6195,NA
HAND_07896b36c2,NA
HAND_07d71fe4c4,NA
HAND_07df0dd230,NA
HAND_07fc8bd0fe,NA
HAND_081dfbb124,NA
HAND_085f8235d6,NA
HAND_08619d3440,0
HAND_089bd5d742,NA
HAND_08a911b568,0
HAND_08cb8b80de,NA
HAND_08d0ca3b1b,NA
HAND_08ef6e7ff5,NA
HAND_0910e1417e,NA
HAND_0950ef13b1,NA
HAND_0985fff8cf,0
HAND_09bddb2051,NA
HAND_09d26e33b7,0
HAND_0b1d3e77fc,0
HAND_0b71a8a629,NA
HAND_0b909bc34b,NA
HAND_0c4a8915eb,NA
HAND_0cf077d63a,0
HAND_0d4c0b8ba0,0
HAND_0d679f95f7,NA
HAND_0d8c25434f,NA
HAND_0dbadece32,0
HAND_0dce2eac92,NA
HAND_0deefcab52,NA
HAND_0e1c3b791a,NA
HAND_0e2a0ea169,NA
HAND_0e2dc6cbab,0
HAND_0e3486dfd2,NA
HAND_0e42909b2a,NA
HAND_0e614d5458,0
HAND_0ee0920eee,0
HAND_0fa4ed8585,0
HAND_0fc5b15a8e,1
HAND_10479de468,NA
HAND_105c91dcb6,NA
HAND_106e141116,1
HAND_1080ccbf4b,NA
HAND_10c83539c8,NA
HAND_10e411fba1,NA
HAND_111c7cd860,NA
HAND_1129ce7e14,NA
HAND_1199673a56,0
HAND_11a052083b,NA
HAND_11b7f73811,NA
HAND_1297f2dab5,NA
HAND_12d04cb4c7,NA
HAND_12db1de71e,0
HAND_12f34ba3dd,0
HAND_13004bcc45,NA
HAND_1315afce41,NA
HAND_13188af518,0
HAND_13c7bec4d7,NA
HAND_13d930f781,NA
HAND_140cb59931,NA
HAND_142ecc7946,NA
HAND_15055bfda5,NA
HAND_150c87167b,0
HAND_1572221be6,1
HAND_15db637b4f,NA
HAND_15de50f568,NA
HAND_163c6bdf49,NA
HAND_1674b66392,1
HAND_16b1f8e6ed,NA
HAND_16e5738a21,NA
HAND_1700e3e7e7,NA
HAND_17088ca6b3,NA
HAND_1720b4aeb7,NA
HAND_17281d31c5,NA
HAND_173ea13548,NA
HAND_176f5df498,NA
HAND_17ea363abd,NA
HAND_181c91563b,0
HAND_181e180096,NA
HAND_184bbe0b13,NA
HAND_1877eef6f7,0
HAND_18f62954a2,NA
HAND_1947586865,NA
HAND_1998e77baf,NA
HAND_19c9cb1d82,0
HAND_1a0dd738b5,NA
HAND_1a33e0ec64,0
HAND_1a35e7065a,NA
HAND_1a4adf8f05,NA
HAND_1a99140f76,NA
HAND_1a9abb5d60,NA
HAND_1ab3926583,NA
HAND_1ac1f1ede5,NA
HAND_1b1b14c5bb,0
HAND_1b55f00cd5,NA
HAND_1b68cae85c,0
HAND_1b738247dd,NA
HAND_1ba4a4694c,0
HAND_1bbdda8290,NA
HAND_1c0995e100,0
HAND_1c5924d882,1
HAND_1c7454287f,0
HAND_1c961db114,0
HAND_1ca050f5f7,0
HAND_1cc5d870cf,0
HAND_1d1c0d58ec,0
HAND_1d4c48d151,0
HAND_1d5ef16087,0
HAND_1d9c62019d,0
HAND_1dc0f94679,0
HAND_1dd6493013,0
HAND_1e512e992a,0
HAND_1eb09c2799,0
HAND_1eb4618e62,1
HAND_1ec1988db4,0
HAND_1f03154119,0
HAND_1f31479b81,0
HAND_1f6dfa27c1,0
HAND_1f7bd45c9c,0
HAND_1fd0b6c2f0,0
HAND_2001c41173,0
HAND_20446702b2,1
HAND_2083e4d7f7,1
HAND_20c8ce7fd2,0
HAND_20dd95ab72,0
HAND_212b28a829,0
HAND_214ac75a8b,0
HAND_21cd07d27a,1
HAND_2242f8a0b9,0
HAND_225ee8a061,1
HAND_2265c34d60,0
HAND_229f2cb75d,0
HAND_22cd48f233,0
HAND_22d49572e0,0
HAND_237754fc7e,0
HAND_23876defbc,0
HAND_238a3d7385,0
HAND_238d7d67ae,0
HAND_23d3416909,0
HAND_2425915c90,0
HAND_25600a8799,1
HAND_25c11f4666,0
HAND_25ea31de22,1
HAND_26867073e5,0
HAND_26af0796c3,0
HAND_26af541afb,0
HAND_26e9321cc4,0
HAND_271b4264bf,1
HAND_27437bfed3,1
HAND_274b78366b,0
HAND_27bf41ff5f,0
HAND_27c5ae3b1e,1
HAND_27dbe3b5dc,0
HAND_2835ae0d60,0
HAND_283fc744de,0
HAND_2869090515,0
HAND_2895a2075e,0
HAND_28b6ef1697,0
HAND_28c02391dc,1
HAND_28ce0f35c5,1
HAND_28d3bd92fc,0
HAND_28d625b6e6,1
HAND_28e3d1801e,0
HAND_28ece967bf,0
HAND_28f96633f3,0
HAND_295fb73063,0
HAND_2990c855f8,0
HAND_29ccbacd08,1
HAND_29d727b4aa,1
HAND_2b6bdd928a,0
HAND_2b8587ce1a,1
HAND_2bad665550,1
HAND_2bfb167170,0
HAND_2bfb66ba4b,0
HAND_2c770928b0,0
HAND_2cc2c6cba8,0
HAND_2cebbc967f,0
HAND_2d5ec36509,0
HAND_2d5f0fc0f0,0
HAND_2d6de2fa7d,0
HAND_2da3b23481,0
HAND_2db7e00488,0
HAND_2de97250a5,0
HAND_2e6cb18c50,0
HAND_2e7105172b,0
HAND_2ecc6712af,0
HAND_2ecd853774,1
HAND_2f5117f510,0
HAND_2fcde9729a,0
HAND_2fe9a77419,0
HAND_300478af8f,0
HAND_30710c7f76,1
HAND_30b649a83e,0
HAND_30d323d9dc,0
HAND_310e550fbe,0
HAND_31197ec079,1
HAND_31212d9cac,0
HAND_313679a019,1
HAND_31822e3ccb,0
HAND_31f5df67c6,0
HAND_3208d840f1,1
HAND_320e4614e5,0
HAND_325cc25b24,1
HAND_328d09be0d,0
HAND_3360c15970,0
HAND_33cdecf753,0
HAND_340424208d,0
HAND_3479ddec90,1
HAND_347ff43da5,0
HAND_34d929616b,1
HAND_34edfa64f7,0
HAND_34eea495d1,1
HAND_3503266b96,0
HAND_3529db8045,0
HAND_353edd30d4,0
HAND_355f2284af,1
HAND_358142039d,0
HAND_35ab000d95,0
HAND_35b2ca32a8,0
HAND_360d30b0c3,0
HAND_3624ebdd60,0
HAND_36abd7f37b,0
HAND_36fca6e17b,0
HAND_3714fc0a8e,0
HAND_371e8334ed,1
HAND_37220f1d2f,0
HAND_372c972b58,0
HAND_375c7ffe42,0
HAND_3760d7e31b,1
HAND_3780ee1e7a,1
HAND_37b775dc24,0
HAND_3892b010b5,0
HAND_38949fc7ae,0
HAND_3894c38c86,0
HAND_38fada1614,1
HAND_3933e64852,0
HAND_3936400bbb,0
HAND_393644c1cf,1
HAND_39387b1f21,0
HAND_39cd8e2952,0
HAND_39cde3eb49,0
HAND_39f428c430,0
HAND_3a90ae138a,0
HAND_3aa77c3be3,0
HAND_3acbcc6efe,0
HAND_3ae860af9b,0
HAND_3b39748c7f,0
HAND_3b576db5c0,0
HAND_3ba995c316,0
HAND_3bcd3661f8,0
HAND_3c0301f4bf,0
HAND_3c1972456b,0
HAND_3c6b04378b,1
HAND_3c783111f0,1
HAND_3cdff5e690,1
HAND_3d1484fd5c,0
HAND_3d34be063b,0
HAND_3d8e52663b,0
HAND_3db22f298f,0
HAND_3e2038f7db,0
HAND_3e37072c3a,0
HAND_3e6deb150e,0
HAND_3eea3e4488,1
HAND_3f33e772a8,1
HAND_3f421f32a1,0
HAND_3fa23bbb15,0
HAND_4016f6c9f1,1
HAND_4080b42d54,1
HAND_408eff5794,0
HAND_40972d7c90,0
HAND_41564135b6,0
HAND_41a9a83c5e,1
HAND_41bae90c7c,0
HAND_41bf59b482,0
HAND_41e03a8552,0
HAND_41fd7495a4,0
HAND_42b6ef7dad,0
HAND_436b6cddbb,0
HAND_439a26c63e,0
HAND_43a8c4b0da,0
HAND_43ed9aad4d,0
HAND_4471a80267,0
HAND_45162bffe6,0
HAND_451c1bb4d3,0
HAND_4539f781ff,0
HAND_455dad9168,0
HAND_459918b848,0
HAND_45a52ebad1,0
HAND_45d67b6581,0
HAND_46039f68f4,0
HAND_4605089622,0
HAND_460ac18547,1
HAND_4676b30dd1,1
HAND_46ceca6f4f,0
HAND_46e1f43860,0
HAND_473fc2404b,0
HAND_4742297ae6,0
HAND_4770f540ac,1
HAND_478636b8c8,1
HAND_47b9640fcf,0
HAND_47c959ccfb,0
HAND_47f94a7673,1
HAND_48356038ad,1
HAND_4846f7ee42,0
HAND_48778e2e10,0
HAND_48e4d74e1c,1
HAND_4930966eb7,0
HAND_49724df31b,0
HAND_498566aa93,0
HAND_498f004efa,0
HAND_49dfe7ba31,0
HAND_4a1fc5f4c3,0
HAND_4a39c815dc,1
HAND_4aaa0b2dd6,0
HAND_4aba09c1fd,0
HAND_4b23b98f3e,0
HAND_4b3d77200e,0
HAND_4bd0a8ba92,0
HAND_4c3c71a6ce,0
HAND_4cc4d2153d,1
HAND_4d479c9dc7,0
HAND_4de644fca7,0
HAND_4e20a747d6,0
HAND_4e4862f223,0
HAND_4e851d9fe5,0
HAND_4edf02a309,0
HAND_4f38d0c16f,0
HAND_4f8244c8af,0
HAND_4f9101bb3e,0
HAND_4fbd471a55,0
HAND_4fc65813d8,0
HAND_507b9238a8,0
HAND_508df5af57,1
HAND_509be851de,0
HAND_51015a946d,0
HAND_517fad765f,0
HAND_51893da2d5,0
HAND_51aa2c8648,0
HAND_51b1b4ed7b,1
HAND_5226978c23,0
HAND_523a02d679,1
HAND_52e5f4974c,0
HAND_5307c81414,0
HAND_53573958a3,0
HAND_538573868f,0
HAND_539d87f9ee,0
HAND_53c38a3ec2,0
HAND_5407bb5fbc,0
HAND_54524a7b66,0
HAND_5454731c17,1
HAND_558242bf00,0
HAND_55b53bb989,0
HAND_55c0d89c27,0
HAND_55d96a9247,0
HAND_55df624000,0
HAND_55f11130b9,0
HAND_563d3f3126,0
HAND_566e8b7b33,0
HAND_567190db51,0
HAND_56b797eb55,0
HAND_572f59863b,0
HAND_576de0f920,1
HAND_5782a55531,0
HAND_579d112e42,1
HAND_57d253669d,0
HAND_580cfb5de0,0
HAND_5820c0028b,1
HAND_588272c156,0
HAND_58ad4941a8,0
HAND_58bd573575,1
HAND_58e28ccd1a,1
HAND_59106e9836,0
HAND_593cc5c904,0
HAND_5987e783c0,0
HAND_5a443fd88c,0
HAND_5a687a943c,0
HAND_5a9666cb5a,0
HAND_5a976fde52,0
HAND_5aa31c371a,0
HAND_5aeb995a06,0
HAND_5af414e3e0,0
HAND_5b11247c94,0
HAND_5b167f3f43,1
HAND_5b17cbdd07,0
HAND_5b31f93e43,0
HAND_5b475ebfa8,0
HAND_5c4160fd80,0
HAND_5c861caddf,0
HAND_5c93b92953,0
HAND_5cec5a417c,0
HAND_5d4a3cea62,0
HAND_5d533b4cd2,1
HAND_5d6ddaa35d,0
HAND_5d9bd70df9,0
HAND_5e61660ebd,0
HAND_5eecd1b9e6,1
HAND_5f96e2a1d7,0
HAND_5fe7a8de81,1
HAND_604d815346,0
HAND_60b4f5d0db,0
HAND_60e96759e5,0
HAND_61391c9572,0
HAND_61bc3ac885,0
HAND_61db04f2ea,0
HAND_621d701f8b,0
HAND_6265d88a01,0
HAND_6277853012,0
HAND_6280a01a61,0
HAND_62e26e824a,0
HAND_62e45668a1,0
HAND_62e9b2dd48,0
HAND_63a3b352fe,0
HAND_6466731c27,0
HAND_64ad20eed9,1
HAND_6521220f53,1
HAND_6522511afa,0
HAND_653bf5240a,0
HAND_654398745c,1
HAND_6580e87c8c,0
HAND_65a105b36a,0
HAND_65b23a3edf,0
HAND_65cfe3eef9,0
HAND_65d1b69398,1
HAND_6619382a7a,0
HAND_6635608662,0
HAND_666c8c7c33,1
HAND_66a216c40f,0
HAND_66acb9b769,0
HAND_66b92b37d4,0
HAND_671705d1f5,0
HAND_67320580a8,0
HAND_6796dbb380,0
HAND_679849df1a,0
HAND_680baf2d14,0
HAND_68146f5c2b,0
HAND_6864a9452d,0
HAND_689d0682a6,0
HAND_68b726e765,1
HAND_68be614470,0
HAND_68d4ec7f05,0
HAND_68e6d8ce3b,0
HAND_68ff41e848,1
HAND_6914cff156,0
HAND_697a6b6e01,0
HAND_69a3b21e6f,0
HAND_69f7394a1c,1
HAND_6a242f4249,0
HAND_6a9842385a,0
HAND_6ab23a94e7,0
HAND_6b3055a22e,0
HAND_6b496cbaff,1
HAND_6be1187635,1
HAND_6be12d0f16,0
HAND_6c0cfdd8a9,0
HAND_6c166ed962,0
HAND_6c1842ef74,0
HAND_6c18f54bf3,0
HAND_6c1fcb07a9,0
HAND_6c42ec49c3,0
HAND_6c76f7c5cb,0
HAND_6c8388b441,0
HAND_6cb15669a0,0
HAND_6cf36382d5,0
HAND_6d12e17e57,0
HAND_6d2cff80f8,1
HAND_6d43c14fde,0
HAND_6d4a51ca89,0
HAND_6d9cc64fed,0
HAND_6e68b31c19,0
HAND_6e97aed9fc,0
HAND_6f7f3a6ce8,0
HAND_6fa770409a,0
HAND_6faa1b45aa,0
HAND_6ff81f90a2,0
HAND_700cc48dc7,0
HAND_700f5c9202,0
HAND_701a8665b8,0
HAND_703a63a022,0
HAND_7080f7f508,0
HAND_70ed964bbc,1
HAND_717bee69e5,0
HAND_71b8583427,0
HAND_725b570985,0
HAND_72653d49c1,0
HAND_729732be49,0
HAND_7299553af4,0
HAND_72b17b451a,0
HAND_730cae4a19,0
HAND_733134dfc3,0
HAND_73621b9ca4,1
HAND_736d0cd47e,0
HAND_73b99963ba,0
HAND_73c1aa6e3d,0
HAND_73d3dcbef3,0
HAND_7495b835d3,0
HAND_74b829d3d5,0
HAND_74cd604fd1,1
HAND_74f2978f67,0
HAND_75006db8a8,0
HAND_7527fce8bf,1
HAND_755d4b8377,0
HAND_756becabe1,0
HAND_765ae962c2,0
HAND_766144631a,0
HAND_768f8df410,1
HAND_76a94dd070,1
HAND_771e85eef4,0
HAND_7751f1a7d0,1
HAND_7782d527d8,0
HAND_7788718244,0
HAND_77a5652122,0
HAND_77baca32bc,1
HAND_77cad116c5,1
HAND_77e3f5978f,0
HAND_78346db01b,0
HAND_7839053abb,0
HAND_7841a56591,0
HAND_787606aa31,0
HAND_787c624e91,0
HAND_792715d81d,1
HAND_7980c77c1f,0
HAND_7a2e6b76a7,0
HAND_7a8465c855,0
HAND_7ac39106d4,0
HAND_7aecc68041,0
HAND_7af78244e3,0
HAND_7b16396d8e,0
HAND_7b98bec9be,0
HAND_7bdc62574c,0
HAND_7c373d21dc,0
HAND_7c5c57c0e8,0
HAND_7c96174630,0
HAND_7cd8839089,0
HAND_7ce4b9addf,0
HAND_7d416af245,0
HAND_7d6860cd64,1
HAND_7dc041f667,0
HAND_7dc37a57ee,0
HAND_7e33ffd458,1
HAND_7e66c52362,0
HAND_7e7572d481,0
HAND_7e857fda8c,1
HAND_7eaa10846c,0
HAND_7ec0136807,0
HAND_7eee521dd9,0
HAND_7f15f1fed1,0
HAND_7fbd1f7e77,0
HAND_7fffc7faac,0
HAND_80262d6e89,1
HAND_802e979132,0
HAND_80403681c9,0
HAND_804b68d870,0
HAND_809ed89ac2,0
HAND_80bc8e1255,0
HAND_80c17db4f7,0
HAND_80cf46642e,0
HAND_815613eb79,1
HAND_818630fe5c,0
HAND_81da318060,0
HAND_81e93f69e5,0
HAND_8238d42178,0
HAND_826a84784f,0
HAND_8276412006,1
HAND_8277ddd33b,0
HAND_8285d0959d,1
HAND_8321534126,0
HAND_8330b0b04c,0
HAND_83505aad95,1
HAND_83757a8125,0
HAND_83aeebd1e3,0
HAND_83d7eaebb7,0
HAND_83f09602e6,0
HAND_83f9fae6f9,1
HAND_840bb9953e,0
HAND_84268e3fa2,0
HAND_84427ef3b9,0
HAND_84947abb17,0
HAND_84e4bc67fc,0
HAND_8551306db7,0
HAND_856fbf954a,1
HAND_8573b8f144,0
HAND_85956e859c,0
HAND_85c985be78,0
HAND_85e9a4070f,0
HAND_85fe017751,0
HAND_86423688b5,0
HAND_865f53fee6,0
HAND_86aa69daba,0
HAND_86bfec6ebf,0
HAND_86cd5779aa,0
HAND_871f0f990d,0
HAND_871fe0eca2,0
HAND_8753853159,0
HAND_87bdf705d9,0
HAND_87e0ea7d12,1
HAND_87f444e237,0
HAND_87fa25a81e,0
HAND_882e3c9689,0
HAND_884cda1985,0
HAND_887111d03e,0
HAND_8880775786,0
HAND_8891fa0139,0
HAND_88ccb7f960,0
HAND_88d0ace8f7,0
HAND_890c33629d,0
HAND_8945afa93e,0
HAND_89489f55ca,0
HAND_89581621d6,0
HAND_897178d914,1
HAND_8a593885f3,1
HAND_8a8459aa8f,0
HAND_8a88c18c5e,0
HAND_8aa1d90582,0
HAND_8b8f32bb79,0
HAND_8bc669bcc4,0
HAND_8c03863699,0
HAND_8c3dc9830e,0
HAND_8c43db947c,0
HAND_8c4be49a81,0
HAND_8c4e024a83,1
HAND_8c521476e1,0
HAND_8c95ff84d7,0
HAND_8cb921ab65,0
HAND_8ccc32851f,0
HAND_8ccdd375c8,0
HAND_8d01fa2183,0
HAND_8d44f01885,0
HAND_8d4e01efbc,0
HAND_8d4f96005b,0
HAND_8d9bc64e66,0
HAND_8dde825359,0
HAND_8e2b7d5485,0
HAND_8e51797d4e,0
HAND_8e56b67384,0
HAND_8e62030fea,0
HAND_8e6eaac9c5,0
HAND_8f284c5dd5,0
HAND_8f4841b796,1
HAND_8f6bd67a5b,0
HAND_8fb52ba419,0
HAND_8ff6715a9c,0
HAND_9015780bbd,0
HAND_908b76b9f5,0
HAND_90c2defd57,0
HAND_90d7e78da1,0
HAND_90db58da3c,0
HAND_91450d5969,1
HAND_9156c6f8fb,1
HAND_917e442a15,0
HAND_9199ce200e,1
HAND_922e4a5327,0
HAND_924f0f473f,0
HAND_92c86edfeb,0
HAND_9310b1ffb0,0
HAND_934035ddbc,0
HAND_934716e713,1
HAND_937e624a57,1
HAND_93b967dbd2,0
HAND_9410b19d07,0
HAND_9429b1ee8d,0
HAND_9443b78f32,1
HAND_94a71d9a04,1
HAND_94c332af65,0
HAND_94d9ae6dcd,0
HAND_9505478a63,1
HAND_9522f3877c,0
HAND_95686f82bf,0
HAND_956d9bb8a0,1
HAND_958ef8ab1b,0
HAND_9595310521,0
HAND_96cac7602d,1
HAND_96d2dfc4eb,0
HAND_9713fc4722,0
HAND_9717ffb67d,1
HAND_97698095dd,0
HAND_977e9b546e,0
HAND_978485f65e,0
HAND_97d6d2aff9,0
HAND_98a67d7439,1
HAND_98c0d7781f,0
HAND_98dec5b1fe,0
HAND_9915a35a7f,0
HAND_9928efd54f,0
HAND_992ab8f6f8,0
HAND_993bb67e4a,0
HAND_9970354e41,0
HAND_99cc76b21d,0
HAND_99cfedf775,1
HAND_9a00e36107,1
HAND_9a2a5d6ad7,0
HAND_9a5bde2ae0,0
HAND_9ab2814397,1
HAND_9b1591d5b1,0
HAND_9b733a4b0b,0
HAND_9b7515324a,1
HAND_9b81635a23,0
HAND_9b8febb536,1
HAND_9ba7d194e9,0
HAND_9c13841fe1,0
HAND_9c40e486b6,1
HAND_9cb6907526,0
HAND_9cbb352ab3,0
HAND_9d911f4e95,0
HAND_9d95d9edf3,0
HAND_9da091f105,0
HAND_9e1894bc41,0
HAND_9e230a9df8,1
HAND_9e23b03aeb,1
HAND_9e63695cab,0
HAND_9e73b8bfa8,0
HAND_9e90b5d059,0
HAND_9ea9b4b45f,0
HAND_9eb07a5d1f,1
HAND_9ee324826a,0
HAND_9f410c9bfa,1
HAND_9f47b38c01,0
HAND_a023bcab2c,0
HAND_a02c436960,0
HAND_a08b14de9a,0
HAND_a0cbc68a5f,1
HAND_a0f20045c2,0
HAND_a145a148b1,0
HAND_a1512de835,0
HAND_a193567a9d,1
HAND_a1adf2345c,0
HAND_a1f59bd526,1
HAND_a1f9a03432,0
HAND_a2403db5e2,0
HAND_a262df7f68,0
HAND_a292b140d0,0
HAND_a2bb399083,0
HAND_a2ce9a6b35,0
HAND_a2cfb9ab51,0
HAND_a2d26966a0,1
HAND_a318201f55,0
HAND_a32022d0a3,0
HAND_a33be9273c,0
HAND_a352dbdeb2,0
HAND_a3d64a2eda,0
HAND_a3d7491ea2,0
HAND_a4500274da,0
HAND_a481068dfe,0
HAND_a4e2f95b9b,0
HAND_a5426ec71d,0
HAND_a5e2e535b2,0
HAND_a5e8dfa885,1
HAND_a5fefba403,0
HAND_a6129aa7c3,0
HAND_a66e7f50d5,0
HAND_a692b670b1,0
HAND_a726c42d0c,0
HAND_a72a2a48dd,1
HAND_a76bf7061a,0
HAND_a7ba926ff0,0
HAND_a81b60fb2e,1
HAND_a82417681d,0
HAND_a83946dc09,1
HAND_a8e6253ddc,1
HAND_a903d7186f,0
HAND_a9066d7dc1,0
HAND_a9189cbe6c,0
HAND_a91979808a,0
HAND_a9641f4686,0
HAND_a99dd755ed,0
HAND_a9c56ec8ea,0
HAND_aa11075357,0
HAND_aa1c230648,0
HAND_aa4f134e0b,0
HAND_aacda4bbcd,0
HAND_ab0191c7ad,0
HAND_ab2ff7ab2d,0
HAND_ab489ff024,0
HAND_ab87fa3c22,0
HAND_ab8e3ed488,0
HAND_abf206e060,1
HAND_ac42f97c41,0
HAND_ac71044a21,0
HAND_ac99c07a1a,1
HAND_ac9ab311d8,1
HAND_ad42835913,0
HAND_ad55593e2f,0
HAND_ad60267009,0
HAND_ad8dd90895,1
HAND_ada9d6a857,0
HAND_add1dcf615,0
HAND_ae55f53cd8,0
HAND_aea3700879,0
HAND_aeba58ffe4,0
HAND_af1a44bca7,0
HAND_af45f32862,1
HAND_af518c1481,0
HAND_af906ab98c,0
HAND_afcdee9665,0
HAND_b05fd66a51,0
HAND_b0fce7c6f9,0
HAND_b1dddbe194,0
HAND_b208b224a8,0
HAND_b23c2ed96c,0
HAND_b280fa27fb,0
HAND_b291df1d90,1
HAND_b2a0adf19f,0
HAND_b2d28d1673,0
HAND_b3194117e2,0
HAND_b33a6cdfcf,0
HAND_b343050c10,0
HAND_b3921dc996,0
HAND_b3c83065a6,0
HAND_b3d6e84df1,0
HAND_b3e0c6e759,1
HAND_b3ea887b6c,0
HAND_b3fe0577d5,0
HAND_b4713f3450,0
HAND_b48bfabc05,0
HAND_b49fb3bdeb,1
HAND_b56a8fa0e1,1
HAND_b57f2cb629,0
HAND_b6618ba49d,1
HAND_b67c8fb0c3,0
HAND_b6bc695a26,0
HAND_b70b2ce63e,0
HAND_b70d8bdddb,0
HAND_b75436f26c,0
HAND_b7679fea11,0
HAND_b781c8762d,0
HAND_b7998d51f9,1
HAND_b7ef5ed223,0
HAND_b826816b70,0
HAND_b84118590b,0
HAND_b8623ba214,0
HAND_b86996cc67,0
HAND_b87a209e9d,0
HAND_b880d2516f,0
HAND_b8c5f1de0f,0
HAND_b8d5cd5da2,0
HAND_b8edea9544,0
HAND_b92685fc3d,0
HAND_b941f5d6bb,0
HAND_b982c25d5d,1
HAND_b99252cea1,1
HAND_b9a4a62b60,0
HAND_b9f0dd5871,0
HAND_ba3cea7fb3,0
HAND_ba4c36dda6,0
HAND_bac4e2f6b6,1
HAND_bacdcfd930,1
HAND_baf51fa70c,1
HAND_bb2561f15d,0
HAND_bb2c431b64,0
HAND_bb41024d29,0
HAND_bb6f209474,0
HAND_bb9d8eefeb,1
HAND_bbc15989b0,1
HAND_bc35abcc74,0
HAND_bc53e2a951,0
HAND_bc5ac3e515,0
HAND_bc760fe297,0
HAND_bdc75f9f1e,0
HAND_be326e8d68,0
HAND_be43579e58,1
HAND_be6327dde1,0
HAND_be6d3ef3c8,0
HAND_beb57ab472,1
HAND_bec8a95c62,0
HAND_bf3c2d8496,0
HAND_bf4655e10c,0
HAND_bf51b1c676,0
HAND_bf5a590437,0
HAND_bfb07e2469,0
HAND_c044f22811,0
HAND_c06373fb03,0
HAND_c087a6eb4e,0
HAND_c0c55ae3dd,0
HAND_c0e3a5fe44,0
HAND_c10b54e3af,0
HAND_c11c4403ad,0
HAND_c12d4060f3,0
HAND_c137239af3,1
HAND_c1acc5664a,0
HAND_c1e60e84d1,0
HAND_c1f3e5e05c,0
HAND_c1fb6817b9,0
HAND_c201108b75,0
HAND_c2127ec504,0
HAND_c2f721ae30,0
HAND_c31b5fe8c9,0
HAND_c3f5be2c55,0
HAND_c466ebcfd8,1
HAND_c46b2c256c,0
HAND_c48263c01c,0
HAND_c4c8ac55a4,0
HAND_c4e95f9c5e,1
HAND_c523bd347a,0
HAND_c52edc5463,0
HAND_c556c42916,1
HAND_c588637ddb,0
HAND_c5c0f2f886,0
HAND_c5f1869143,0
HAND_c60e21951a,0
HAND_c63cf3ae30,1
HAND_c68654cce4,0
HAND_c6922fb584,0
HAND_c6a28b67af,0
HAND_c6a8c18e67,0
HAND_c6d65dcf8e,1
HAND_c6d6f13285,0
HAND_c6e6834c01,0
HAND_c78931bb9c,0
HAND_c795e13588,0
HAND_c7a01e425e,0
HAND_c7b57b0b25,0
HAND_c7f4a69eb6,0
HAND_c82f737631,0
HAND_c8ab9f2d8e,0
HAND_c8c8043606,1
HAND_c8d6d5418f,0
HAND_c8d9576ed1,1
HAND_c8de7a6bd1,1
HAND_c99bc06e87,0
HAND_c9a225583e,0
HAND_ca4fea168f,0
HAND_ca5a58ccae,0
HAND_cafcb9ef48,1
HAND_cb32ff98f6,0
HAND_cb937fa926,0
HAND_cbe4751018,0
HAND_cc304a9b11,0
HAND_cc3b20dec2,0
HAND_cc45e27368,0
HAND_cc62949eed,0
HAND_cc6b53c03f,0
HAND_cc934d158e,0
HAND_cce248c6ec,0
HAND_cd0929675a,0
HAND_cd2ee2dc77,1
HAND_cd850ca71c,0
HAND_cdcddf7090,0
HAND_cdd022e54b,0
HAND_cdd31c0198,0
HAND_ce6e7cf0dd,0
HAND_ce764867fb,0
HAND_ceb6759c66,0
HAND_cf0a1a1987,0
HAND_cf29e7c2d3,1
HAND_cf70af5c5a,0
HAND_cf754fef1d,0
HAND_cf818e4661,0
HAND_cf95cd6605,0
HAND_cfc9716fcd,0
HAND_d0017dfd4a,0
HAND_d032f12f65,0
HAND_d0c89c2d31,0
HAND_d12bb1b5e1,1
HAND_d172951e5c,1
HAND_d18c599dc5,0
HAND_d21ff3bee6,0
HAND_d242c77f30,1
HAND_d27b06009a,0
HAND_d2927ff238,1
HAND_d2a5803bdc,1
HAND_d2bc8d7fab,1
HAND_d2bd928b44,0
HAND_d2f2493fec,0
HAND_d2f8f311a0,0
HAND_d2faf59db4,1
HAND_d3070c44ec,0
HAND_d334319e56,0
HAND_d362dd5564,0
HAND_d378405bd0,1
HAND_d4188838b4,0
HAND_d42d325c22,0
HAND_d44ce6454f,0
HAND_d4fc722961,0
HAND_d5b0c95f31,0
HAND_d60ebcfaff,0
HAND_d63fb5f2be,0
HAND_d68585ad3f,0
HAND_d68984c614,0
HAND_d69edc1f2d,0
HAND_d6cf5438a0,0
HAND_d6e8708fb3,1
HAND_d747ef35ef,0
HAND_d748dc93b9,1
HAND_d779cb8bde,0
HAND_d8239ecfe9,0
HAND_d85b587897,0
HAND_d860443b89,0
HAND_d8924b7e1f,1
HAND_d8965849bd,0
HAND_d8d5e3d9bb,0
HAND_d8e111821f,1
HAND_d9427fb8a4,0
HAND_d94811b8c1,0
HAND_d95bb6cacc,0
HAND_d98e63b15c,1
HAND_d9a6d96113,0
HAND_d9b72a3dc3,1
HAND_d9c69525c2,0
HAND_d9db0d71b8,0
HAND_da10558f8f,0
HAND_da3785a9ca,0
HAND_da63c8d8c1,0
HAND_da6d2114c0,0
HAND_da7a2d0b60,0
HAND_db1020f0dc,0
HAND_db12c1ddfc,0
HAND_db44be302f,0
HAND_db51673e58,1
HAND_db754914a1,0
HAND_db765087ce,0
HAND_dbba060a7c,1
HAND_dbc2f6a553,0
HAND_dbc563446a,0
HAND_dbcdc94046,0
HAND_dcbd5af480,0
HAND_dcfadbb274,0
HAND_dd416bf1df,0
HAND_de0cb65713,0
HAND_de1afd8cbb,0
HAND_de22efc591,0
HAND_de2efecbe6,0
HAND_de35979ba9,0
HAND_de3b6d7fa4,0
HAND_de4dca3880,0
HAND_de61bcab92,1
HAND_deef2a1cb9,0
HAND_df2fcbf7c7,0
HAND_df424dceec,1
HAND_df7dfafaeb,0
HAND_dfadbf202d,1
HAND_dfd77a843c,1
HAND_e003de6397,1
HAND_e02ce80d41,0
HAND_e0633113f8,0
HAND_e0ddbcea04,0
HAND_e0eb05a0fd,0
HAND_e1061f1a30,0
HAND_e12131af09,1
HAND_e167be98e5,0
HAND_e2190b7666,0
HAND_e21d8974a1,0
HAND_e2420a9394,1
HAND_e24ff3b04c,1
HAND_e260305a8b,1
HAND_e2ab15285c,0
HAND_e2c44e747f,0
HAND_e2d1e25874,0
HAND_e2dfea81a7,1
HAND_e375065e91,0
HAND_e377906c35,0
HAND_e39d99c3e5,0
HAND_e3adde8673,0
HAND_e404551538,1
HAND_e4431e072b,1
HAND_e45905947a,0
HAND_e50899eecd,0
HAND_e56876b37d,0
HAND_e57644a6c5,0
HAND_e58fef15af,0
HAND_e5bea99cf9,0
HAND_e5fadcf722,0
HAND_e6028307d6,1
HAND_e67a78684b,0
HAND_e6af783f94,0
HAND_e6ec451e29,0
HAND_e7175f0c55,1
HAND_e7574ccd49,1
HAND_e780b3c4d0,0
HAND_e82d752d4e,0
HAND_e848f3dae9,1
HAND_e84db3db3d,0
HAND_e8a4b28266,0
HAND_e904b9cf9d,0
HAND_e9189c05b8,0
HAND_e93b15bc6f,1
HAND_e98567ffa3,0
HAND_e9ac29d372,0
HAND_e9edb6fdd6,0
HAND_ea370d7a47,0
HAND_ea82c1fdec,0
HAND_ea94323b71,0
HAND_eaa8d13426,0
HAND_eaf97c3614,0
HAND_eb048c22ce,0
HAND_eb10ceed3e,1
HAND_eb17f051ee,0
HAND_eb19c397eb,0
HAND_eb1b70bb21,0
HAND_eb7d45502f,1
HAND_eb8a4fc211,0
HAND_ebeb7e7256,0
HAND_ec09414922,0
HAND_ec5aa31cb5,0
HAND_eca4bca8f1,0
HAND_ecc4c4485f,0
HAND_ecfc87575f,0
HAND_ed0a0358c9,0
HAND_ed1716a4fe,1
HAND_ed29482dd2,0
HAND_ed33b09f40,0
HAND_ed71fe4e9a,1
HAND_ed7681723c,0
HAND_ed8ab9d6b0,0
HAND_edadada8f9,0
HAND_ee329b499d,0
HAND_ee3eff11ae,0
HAND_ee447991a7,1
HAND_eee9e628fa,0
HAND_eeea9bf8ce,1
HAND_eef39786f2,0
HAND_eefa3a1df1,0
HAND_ef04a57128,0
HAND_ef2c52ddc9,0
HAND_ef2fcefb9d,1
HAND_ef5a966157,1
HAND_ef7d38ee84,0
HAND_efbac93b1a,0
HAND_f0021c8ea7,0
HAND_f01e941881,1
HAND_f049db054e,1
HAND_f0547e1126,1
HAND_f058326604,1
HAND_f0c2aaa783,0
HAND_f1038a7b5c,0
HAND_f122560973,0
HAND_f127598a31,0
HAND_f18e383809,0
HAND_f1963e445b,0
HAND_f1b6ade446,0
HAND_f1bf9274ca,1
HAND_f1c7cb067c,0
HAND_f1d8721141,0
HAND_f1d8d3e73f,1
HAND_f21bd7a8c6,0
HAND_f232e7a302,0
HAND_f251873ae4,0
HAND_f2690d1a48,0
HAND_f295a0efb0,1
HAND_f302e1d559,1
HAND_f3301834a5,0
HAND_f36ea25999,0
HAND_f42df4e092,0
HAND_f43e2e9244,0
HAND_f44b509df7,0
HAND_f45d8a109c,0
HAND_f47ca5adae,0
HAND_f4c4ec60c0,0
HAND_f4deca55e3,0
HAND_f4e5cf9cec,0
HAND_f53ab3624a,0
HAND_f578e48ffc,0
HAND_f587827ad2,0
HAND_f6e58bc36e,0
HAND_f6f552bf67,0
HAND_f7210d7b89,1
HAND_f76f2f5905,0
HAND_f797cb8ac4,0
HAND_f79e175725,1
HAND_f7a2be1c77,0
HAND_f7cdfe1c9f,0
HAND_f7dcdf304c,0
HAND_f7ed576e41,0
HAND_f7f47723cf,0
HAND_f8313495c7,0
HAND_f83603b519,0
HAND_f868a92fb3,0
HAND_f9484e19ca,0
HAND_f98778df03,0
HAND_f99121e1fa,1
HAND_f9b08ad239,0
HAND_f9f5edf0c5,1
HAND_fa4c574216,1
HAND_fa74c211cf,0
HAND_faaf1756be,0
HAND_faea6e63f6,0
HAND_faee8b281b,1
HAND_fb3ba18981,0
HAND_fb6ccf5a0c,0
HAND_fb885f7384,0
HAND_fc598d35a8,0
HAND_fc7369520f,1
HAND_fc87ec8a6d,0
HAND_fc9441b2a7,0
HAND_fcc5e05eb0,0
HAND_fce8e0b5fa,1
HAND_fcf2668770,1
HAND_fcf49f140f,0
HAND_fcff785dbf,1
HAND_fd09dcfa4b,1
HAND_fd323c983b,0
HAND_fd37867358,0
HAND_fd588f5fef,0
HAND_fdad89bc7f,0
HAND_fded30ac8f,0
HAND_fdf48fa62e,0
HAND_fe24834cea,0
HAND_fe2f3e3b9f,0
HAND_fe53761852,0
HAND_fe92bc6105,0
HAND_febc8c819f,0
HAND_ff14375d9d,0
HAND_ff5589f22f,0
HAND_ff696d691c,1
HAND_ff9e1c8c1f,0
HAND_ffa0fcdce8,0
HAND_ffc93ed2b9,0
HAND_ffcca3cd19,0
HAND_ffe1575523,0
WRIST_0007a16442,NA
WRIST_00253fd84d,NA
WRIST_0027c6194c,NA
WRIST_0030320610,1
WRIST_0055cf610f,NA
WRIST_0060f52bda,NA
WRIST_0079bbecda,NA
WRIST_008c8397da,0
WRIST_009f7a1052,NA
WRIST_01153a9c17,0
WRIST_0118d7f509,1
WRIST_0126ec54a7,NA
WRIST_0151ac6c70,1
WRIST_015a6657a7,NA
WRIST_017247a04d,NA
WRIST_017867a5d8,NA
WRIST_019bffe88c,NA
WRIST_01c662ac39,0
WRIST_01f88e3743,NA
WRIST_0221baa6a4,NA
WRIST_022c4a997a,NA
WRIST_0235f7f9a5,NA
WRIST_02440abef3,NA
WRIST_02772b1387,NA
WRIST_028a12c98a,NA
WRIST_02cf21a3fd,NA
WRIST_03099fb196,0
WRIST_03144ad4ad,0
WRIST_033434bc9b,NA
WRIST_034e86e6b7,NA
WRIST_03525531d1,0
WRIST_0370fc976b,NA
WRIST_03a15be4cb,NA
WRIST_03c693a4e0,NA
WRIST_03dd28520d,1
WRIST_03ed30f4c0,NA
WRIST_03ee521d1b,NA
WRIST_03f909a519,1
WRIST_04177b6acc,0
WRIST_04259b3253,NA
WRIST_042c0c0209,NA
WRIST_0436b31223,1
WRIST_044befd242,NA
WRIST_04baaf4134,NA
WRIST_04d15abcc9,NA
WRIST_04fb19d8bf,NA
WRIST_05045c7820,NA
WRIST_05253767aa,NA
WRIST_05270bf883,1
WRIST_05276135da,NA
WRIST_052bb0f793,NA
WRIST_054d939d6b,0
WRIST_0550d1a9e3,NA
WRIST_05638cfec2,0
WRIST_0567493b8b,1
WRIST_05699d4595,0
WRIST_058ee09b1b,NA
WRIST_058ef62fcc,NA
WRIST_05940e3dfe,0
WRIST_05b3195fb4,NA
WRIST_05d14b042b,NA
WRIST_06234eeea6,NA
WRIST_0658d69d21,NA
WRIST_066ac81a5f,NA
WRIST_06768a75ae,NA
WRIST_06b26021f7,NA
WRIST_06d2694a7c,NA
WRIST_06dcd54e14,0
WRIST_06e46ecb3f,NA
WRIST_06e6917a41,NA
WRIST_06f0807ee7,NA
WRIST_0739c401a3,0
WRIST_0742d99ba9,NA
WRIST_07591cd086,NA
WRIST_078111ac57,NA
WRIST_07b09e6585,NA
WRIST_07cbf370d2,0
WRIST_07d5843d63,NA
WRIST_07df1e19aa,NA
WRIST_07eaeeb883,NA
WRIST_0812a57549,1
WRIST_081ad51ea0,NA
WRIST_08605a809a,NA
WRIST_0860c5e273,NA
WRIST_08724df7ff,NA
WRIST_0889cd7694,1
WRIST_089ab5a5fe,NA
WRIST_08b694a193,0
WRIST_08d00c07c0,NA
WRIST_08f469d343,NA
WRIST_08fc1a8af4,1
WRIST_0912dba8eb,1
WRIST_091e0a7aad,NA
WRIST_092cfabf3a,NA
WRIST_0933f0b19d,1
WRIST_094d02483f,NA
WRIST_0984699415,0
WRIST_09a4c3e71c,0
WRIST_09c9b6e6e0,1
WRIST_09e094c00b,NA
WRIST_09f9b7e08a,NA
WRIST_09fcafc826,NA
WRIST_0a20d64118,NA
WRIST_0ab9ee44d5,NA
WRIST_0ac443670d,1
WRIST_0ad68033f5,1
WRIST_0ae030752b,NA
WRIST_0b1b4fedd0,NA
WRIST_0b354767e7,NA
WRIST_0b3996bb9f,NA
WRIST_0ba39697d0,1
WRIST_0bc5b6634e,NA
WRIST_0bfc2b4c56,1
WRIST_0c2086b72a,1
WRIST_0c28a06528,NA
WRIST_0c380e136a,NA
WRIST_0c54f897c3,NA
WRIST_0c5d24aa2a,1
WRIST_0c786e1e4a,NA
WRIST_0cae64b38b,1
WRIST_0ce83565b0,NA
WRIST_0d2b3e5a20,NA
WRIST_0d38daf524,NA
WRIST_0d6792f7f4,NA
WRIST_0d88e4abe7,0
WRIST_0d93f9a809,NA
WRIST_0dddd49dc0,0
WRIST_0e474a563e,1
WRIST_0e5250cbc0,0
WRIST_0e6a61939a,1
WRIST_0e72ffa446,0
WRIST_0e9a115857,NA
WRIST_0ea9fca043,NA
WRIST_0f41890a64,1
WRIST_0f5e1df875,NA
WRIST_0f6fef4848,NA
WRIST_0f9df0982c,0
WRIST_0fa5b3c150,NA
WRIST_100974ecae,NA
WRIST_100ce5362d,NA
WRIST_101ee09d33,NA
WRIST_1031e9b1cb,NA
WRIST_1054b89dd4,NA
WRIST_106cc656f8,NA
WRIST_10a61cf131,NA
WRIST_10d6a0ee3c,NA
WRIST_10dc8fb6bc,NA
WRIST_1134ccbef9,1
WRIST_11a76f57fd,NA
WRIST_11c15c3a50,NA
WRIST_11c37204d5,NA
WRIST_11fd72fc5e,NA
WRIST_12167f7e4a,NA
WRIST_1266cf754d,NA
WRIST_126b5b9633,NA
WRIST_12926a9fee,0
WRIST_12bc7845da,NA
WRIST_12eebd5c9d,NA
WRIST_130208b9af,NA
WRIST_1303f2c056,NA
WRIST_13157fc7df,0
WRIST_13405833c4,NA
WRIST_134133fa34,NA
WRIST_13843e2079,NA
WRIST_138497c2b0,0
WRIST_138b3dfda9,NA
WRIST_1437871dc9,1
WRIST_147095d6a9,NA
WRIST_14b7f2eb3b,NA
WRIST_14b9bf82de,NA
WRIST_14dba21a9a,NA
WRIST_14e3036dc1,0
WRIST_14e6fbb30a,NA
WRIST_1547d3f081,NA
WRIST_1552784376,0
WRIST_155b1f648d,NA
WRIST_155c42133b,0
WRIST_156f5e099d,NA
WRIST_1585cb5b47,NA
WRIST_1599a3ae63,NA
WRIST_15b86b41af,0
WRIST_15c1e9cb31,0
WRIST_15e45986be,0
WRIST_1607d1206c,NA
WRIST_1607f04b33,1
WRIST_1649dcf660,NA
WRIST_16538b9248,1
WRIST_165c09ef58,0
WRIST_16a843125f,NA
WRIST_16adb4e9d1,0
WRIST_16af8af59a,NA
WRIST_16c72cb53c,1
WRIST_16e13b7f96,NA
WRIST_16f4ce32f7,NA
WRIST_172641e114,NA
WRIST_175521a9c6,NA
WRIST_178716bc46,0
WRIST_179c469f14,NA
WRIST_17edc1409b,NA
WRIST_17f42e495d,NA
WRIST_183f0fce9b,NA
WRIST_184eff1c2b,NA
WRIST_1854ff4bb9,1
WRIST_1857270cfa,NA
WRIST_185f44d66c,NA
WRIST_185f56a664,NA
WRIST_18a9ee9914,NA
WRIST_18b3fcbdb4,NA
WRIST_18de54c03b,1
WRIST_18fcaadb4e,1
WRIST_191af17c87,NA
WRIST_1920650e96,NA
WRIST_1950d10a02,NA
WRIST_196bd1b401,NA
WRIST_198262a1ab,NA
WRIST_19a6bc48bf,0
WRIST_19aa7cb963,NA
WRIST_19b319c013,1
WRIST_19bd71cc8d,0
WRIST_19edf463de,NA
WRIST_1a030a6b92,NA
WRIST_1a15398edc,NA
WRIST_1a48aece73,1
WRIST_1ac1b9728d,NA
WRIST_1acd5a3922,NA
WRIST_1aced44c46,0
WRIST_1ae5b86f23,1
WRIST_1aec57f1bf,NA
WRIST_1af857b9bd,0
WRIST_1b478a53d7,NA
WRIST_1b65a65383,1
WRIST_1b711a43cb,NA
WRIST_1b9ee1814e,NA
WRIST_1c13ba323a,NA
WRIST_1c35f5e384,NA
WRIST_1c3a85199a,1
WRIST_1c5704aade,NA
WRIST_1c6399332b,0
WRIST_1c7a780bd8,NA
WRIST_1c9c661628,0
WRIST_1ca7cd6a02,NA
WRIST_1ca884c75c,NA
WRIST_1cc2867b53,NA
WRIST_1cc39ec846,NA
WRIST_1cf44c5086,NA
WRIST_1d5ef17a46,0
WRIST_1d7481d4ee,NA
WRIST_1db3a27612,NA
WRIST_1dde6fbb81,1
WRIST_1df0119fd4,NA
WRIST_1e10e484da,NA
WRIST_1e403482bf,0
WRIST_1e92d1977e,1
WRIST_1eca8ddbbf,NA
WRIST_1eed8e7d4b,1
WRIST_1f1a3c2b39,NA
WRIST_1f1a877ae0,NA
WRIST_1f5f425ee2,1
WRIST_1f700260a3,0
WRIST_1f75013aff,0
WRIST_1fe99d86c2,1
WRIST_20336fc3d2,NA
WRIST_20410a3da1,NA
WRIST_2051b4c75d,1
WRIST_206bb4a327,NA
WRIST_20c1c8e915,0
WRIST_210607b8d4,NA
WRIST_21081c9d83,NA
WRIST_216e74dbb9,1
WRIST_217327aeeb,NA
WRIST_21742c6b36,1
WRIST_217a618a90,NA
WRIST_2194465935,0
WRIST_21c47aee3e,NA
WRIST_21f5718533,NA
WRIST_21fe4ae357,NA
WRIST_2232a7ceab,NA
WRIST_2278436330,NA
WRIST_22a4472db9,0
WRIST_22be3cb0b1,NA
WRIST_22d278dc86,NA
WRIST_22ecd3b9e8,NA
WRIST_231dffc59e,0
WRIST_234a8f75db,1
WRIST_235562a384,NA
WRIST_236ff1bc1d,NA
WRIST_2370a53a68,NA
WRIST_23b05088d1,NA
WRIST_23dc0e98a9,NA
WRIST_23ee3a64fe,NA
WRIST_24343212c3,NA
WRIST_243c84dd5b,NA
WRIST_244779ebd0,1
WRIST_2454fec138,NA
WRIST_246800063f,NA
WRIST_247cfef3f1,1
WRIST_247e9ce99e,NA
WRIST_249fa34bbb,NA
WRIST_24a705865d,NA
WRIST_24bdb89796,0
WRIST_2539b4d9e7,NA
WRIST_25524f37bf,NA
WRIST_2577c43095,NA
WRIST_2597bfab96,0
WRIST_25d942858d,NA
WRIST_25e001cee2,0
WRIST_268146f53a,NA
WRIST_268a9b4528,0
WRIST_269f8fe572,NA
WRIST_26b5e9209e,NA
WRIST_26d2e18775,NA
WRIST_26e82f5856,1
WRIST_27170eff54,NA
WRIST_27260a03ee,NA
WRIST_27479cce52,0
WRIST_276dc916da,NA
WRIST_276e5a0aba,NA
WRIST_27cb74e950,NA
WRIST_27d7a93bc7,1
WRIST_27e4bc78cf,0
WRIST_28175390bb,NA
WRIST_286b574bd3,NA
WRIST_28d6552f20,NA
WRIST_28dcacdf10,NA
WRIST_28ef5927f2,NA
WRIST_28f2be861c,NA
WRIST_294caafaf1,NA
WRIST_296fc5c313,0
WRIST_297526965b,0
WRIST_2985e72492,NA
WRIST_29d32cb4bb,0
WRIST_29e5724665,1
WRIST_29fcdbf7c6,1
WRIST_2a20c8bf25,0
WRIST_2a5b1906f1,NA
WRIST_2a6ea2e01f,NA
WRIST_2a8d60d4be,NA
WRIST_2a907d192a,NA
WRIST_2a9229c140,NA
WRIST_2aa78b825a,NA
WRIST_2ab9d35b44,0
WRIST_2ad7703079,NA
WRIST_2b009a05ee,NA
WRIST_2ba73acb73,NA
WRIST_2baa105107,NA
WRIST_2bd3dd4e24,NA
WRIST_2bd92ec0ab,NA
WRIST_2bdecc3fcf,0
WRIST_2be87fd606,NA
WRIST_2c007466b1,NA
WRIST_2c029e80ba,NA
WRIST_2c19cfbc34,NA
WRIST_2c2e391874,NA
WRIST_2c8bf2ebec,NA
WRIST_2cba34e033,NA
WRIST_2d07107f68,0
WRIST_2d0fc8d213,NA
WRIST_2d49c57d31,NA
WRIST_2d69f7c975,NA
WRIST_2d6b4308fe,NA
WRIST_2db4b1fbc6,NA
WRIST_2dc972ef3f,NA
WRIST_2dcd4fc43e,NA
WRIST_2df1665a1c,NA
WRIST_2e0a17bf14,0
WRIST_2e1453960a,NA
WRIST_2e25a535ff,NA
WRIST_2e2d49a667,NA
WRIST_2e458571ad,NA
WRIST_2e552c0edd,NA
WRIST_2e747fbd70,NA
WRIST_2e7aaa93db,NA
WRIST_2e9e8df996,NA
WRIST_2ed63dd1ba,NA
WRIST_2ed6742d60,NA
WRIST_2edd9c779b,1
WRIST_2eec43c700,NA
WRIST_2f04d34268,NA
WRIST_2f1ee85410,NA
WRIST_2f52821b65,0
WRIST_2f8fe02422,NA
WRIST_2f9219be48,0
WRIST_2f9cec0253,NA
WRIST_2fb849dc42,NA
WRIST_2fc41efc6f,NA
WRIST_2fd7a2c98e,NA
WRIST_2fe96453c0,NA
WRIST_301c26c04f,NA
WRIST_303c339083,0
WRIST_304a2cf0ee,NA
WRIST_305c5b25c5,NA
WRIST_306a9f7955,0
WRIST_30820e2e21,NA
WRIST_30d8efdd03,0
WRIST_30e4fea462,NA
WRIST_31222114df,NA
WRIST_319baef67d,NA
WRIST_31b7ff2a75,1
WRIST_31ec6c3fb4,NA
WRIST_31fa110433,NA
WRIST_32095ce7db,0
WRIST_321908c307,0
WRIST_324f33ac87,NA
WRIST_32506c6633,1
WRIST_327472d570,NA
WRIST_3281a6e106,0
WRIST_32af747b1a,NA
WRIST_32d7bd84ab,NA
WRIST_331fff661c,NA
WRIST_336a357572,NA
WRIST_33a625614f,NA
WRIST_33aa3542d8,1
WRIST_33e0873898,NA
WRIST_33fa3fac8d,NA
WRIST_3420dc1d87,NA
WRIST_3456e10953,NA
WRIST_345dcf619d,NA
WRIST_3463f5ba99,NA
WRIST_3490e8a63b,NA
WRIST_34b00e1d1f,NA
WRIST_3506ea77c7,NA
WRIST_350d3e00c9,1
WRIST_3517621dae,NA
WRIST_35254733ba,NA
WRIST_354a9cdd81,1
WRIST_355e6e6d23,NA
WRIST_356549f8b7,NA
WRIST_357d0803e6,NA
WRIST_3582eced2d,NA
WRIST_35b66ba7ee,NA
WRIST_35db8e7c50,1
WRIST_35dcfdbf60,NA
WRIST_35ddf4fa8d,NA
WRIST_35e01eb291,NA
WRIST_3603d1bb88,NA
WRIST_3606be15eb,NA
WRIST_3636d96ac5,NA
WRIST_36512f65c0,NA
WRIST_3666eaec2e,NA
WRIST_3686e4f6f7,1
WRIST_368d6f5707,NA
WRIST_36eac24993,NA
WRIST_371c7781e9,NA
WRIST_372c5a6399,NA
WRIST_374da81bca,NA
WRIST_375a66f2e6,NA
WRIST_37651ed8db,NA
WRIST_376becaa2d,NA
WRIST_376e5aaece,NA
WRIST_37f96d18de,0
WRIST_381037169c,NA
WRIST_381f9ac880,0
WRIST_3855355c87,1
WRIST_38a79a66e6,NA
WRIST_38d1a2e338,1
WRIST_39188068d7,NA
WRIST_3937bcd5c3,NA
WRIST_395b83c946,NA
WRIST_39aac5b291,NA
WRIST_39c7047307,NA
WRIST_39dd6c6109,NA
WRIST_3a0337a0ff,NA
WRIST_3a284393c5,0
WRIST_3a9b51e20d,0
WRIST_3a9cd84ebe,NA
WRIST_3ac0ab42ec,NA
WRIST_3ac7a2c891,NA
WRIST_3c15397302,1
WRIST_3c196343bd,1
WRIST_3c333ea82f,1
WRIST_3c44c9c4d1,0
WRIST_3c69219261,NA
WRIST_3cae07aa31,NA
WRIST_3cbdb49b2c,NA
WRIST_3ce930f136,NA
WRIST_3d21e63c9b,1
WRIST_3d2cc648a9,NA
WRIST_3d98b3ff32,1
WRIST_3da8e32207,NA
WRIST_3de0e79ed1,NA
WRIST_3dec866158,NA
WRIST_3e239f2c3b,NA
WRIST_3e5221948a,1
WRIST_3e77c17a65,NA
WRIST_3e7c65cc40,NA
WRIST_3e80cb8317,0
WRIST_3e945dd4d9,NA
WRIST_3ea8d229fc,NA
WRIST_3ecb113190,NA
WRIST_3ecde2e644,1
WRIST_3ee54b928a,NA
WRIST_3ee7c8da01,NA
WRIST_3ef4e5e097,NA
WRIST_3f2baccc16,NA
WRIST_3f3dd39aeb,NA
WRIST_3f6c1a5680,1
WRIST_3f760d58b2,NA
WRIST_3f7b16a88b,NA
WRIST_3f920ba40a,0
WRIST_3fdf10782b,NA
WRIST_3fe9b6532f,NA
WRIST_3feb40bf63,0
WRIST_40120d1675,1
WRIST_402f747bdd,NA
WRIST_4064d4282f,0
WRIST_40664ef397,NA
WRIST_4109b60bde,NA
WRIST_415b400773,NA
WRIST_41cf34394f,1
WRIST_41e1e6855a,NA
WRIST_41f32f3ccb,NA
WRIST_41ffa6b7ee,NA
WRIST_4212350511,NA
WRIST_421cef7861,NA
WRIST_4238898fb3,0
WRIST_4282a4a9ee,NA
WRIST_4292124ef0,NA
WRIST_4297f6c5a3,1
WRIST_42a501e255,NA
WRIST_42adcf5115,NA
WRIST_42b3c69e19,NA
WRIST_430711542f,0
WRIST_4307d17ba7,NA
WRIST_433073471c,0
WRIST_4333a601ea,NA
WRIST_4349192415,0
WRIST_43651875e2,NA
WRIST_436ad552fc,NA
WRIST_43750064c1,1
WRIST_438410ee51,0
WRIST_438e582b4e,NA
WRIST_4404b339b1,NA
WRIST_441a777a7e,1
WRIST_441d6f1535,NA
WRIST_442b417048,NA
WRIST_44311571da,NA
WRIST_4437f536d6,NA
WRIST_44646530bb,0
WRIST_44bcdcb83e,NA
WRIST_4500667dd1,NA
WRIST_451e8e5307,NA
WRIST_4536d3be32,NA
WRIST_45449ddac8,NA
WRIST_4544e51565,0
WRIST_454d1c5219,NA
WRIST_457d145b2a,NA
WRIST_4587d6186a,NA
WRIST_45bb383d3a,NA
WRIST_45ca8130f7,NA
WRIST_45cc003ce1,NA
WRIST_45e6d54e09,NA
WRIST_45ecacdd6c,NA
WRIST_45fafbd53b,1
WRIST_464bf0fcac,NA
WRIST_468777a0a1,NA
WRIST_469804da8c,NA
WRIST_46aaee3982,1
WRIST_46bc409644,0
WRIST_46c1a062f2,NA
WRIST_46c875f16f,NA
WRIST_46d7953b96,NA
WRIST_4740b8a78c,NA
WRIST_4771497d56,NA
WRIST_4773d52122,NA
WRIST_47902db0b4,NA
WRIST_47bf282a81,1
WRIST_47d98a1712,0
WRIST_4845e7e59e,NA
WRIST_484c56087a,NA
WRIST_486f40ee13,NA
WRIST_4881f8e2d9,NA
WRIST_488bc3daaf,0
WRIST_48f46a5f5a,0
WRIST_492cdfb45f,NA
WRIST_497a10a390,1
WRIST_4a1a3dd0f7,NA
WRIST_4a315d039b,NA
WRIST_4ab19c3f7f,NA
WRIST_4adca10538,NA
WRIST_4ae6f23d48,NA
WRIST_4afc6dbb7a,1
WRIST_4b0d2c689e,1
WRIST_4b1dc34443,NA
WRIST_4b27fef3b9,NA
WRIST_4b4d3fff79,0
WRIST_4b55e39791,1
WRIST_4b605122b2,0
WRIST_4b77518537,0
WRIST_4b94cc5fab,NA
WRIST_4bbdfc4bac,0
WRIST_4bd0dbb07d,NA
WRIST_4c023c731d,NA
WRIST_4c507fe224,NA
WRIST_4c744f052b,NA
WRIST_4c8d6827c1,NA
WRIST_4ca7a0e1bc,NA
WRIST_4cb6e2674a,NA
WRIST_4ce8a5ee27,NA
WRIST_4d0eff8b7d,NA
WRIST_4d3c7fc293,NA
WRIST_4d53ad4a8b,NA
WRIST_4d6988ee50,NA
WRIST_4d6b02f9fa,0
WRIST_4d82521c2a,NA
WRIST_4dd7ffc2fe,1
WRIST_4e331438da,NA
WRIST_4e3f68d2f3,NA
WRIST_4e52833c70,0
WRIST_4e593c25df,NA
WRIST_4e5d1b0ddd,0
WRIST_4e5ee75e3f,NA
WRIST_4e7411ead6,NA
WRIST_4e98863ced,0
WRIST_4ea104fc1c,1
WRIST_4eada64fce,0
WRIST_4ed41c5066,NA
WRIST_4ee6b964ec,NA
WRIST_4ee9674e72,NA
WRIST_4ef14a3f7b,NA
WRIST_4ef4122e0d,NA
WRIST_4ef6126431,NA
WRIST_4efea153df,NA
WRIST_4f36586678,0
WRIST_4f593bb19f,NA
WRIST_4f5d5ec620,NA
WRIST_4fc4a8cc3d,1
WRIST_4fee28db05,NA
WRIST_500d2b164b,NA
WRIST_500dda2f66,0
WRIST_503617cf41,NA
WRIST_5072981864,NA
WRIST_50a68d69ab,NA
WRIST_50bc1298cb,1
WRIST_50be3b3375,NA
WRIST_50c84f9cbd,NA
WRIST_50e73289b8,NA
WRIST_5134b97563,NA
WRIST_5142712265,1
WRIST_5192e589b3,NA
WRIST_51b523b731,NA
WRIST_51cdd22fd3,NA
WRIST_51e687e906,NA
WRIST_521a3ef1be,NA
WRIST_522fdf87f1,NA
WRIST_523194a1de,NA
WRIST_526a47b7a0,NA
WRIST_527f90651f,0
WRIST_528eaa3a39,NA
WRIST_529f5c9048,NA
WRIST_52e54e4a48,1
WRIST_52e90e684d,NA
WRIST_52fbfea0d6,NA
WRIST_53527c606d,1
WRIST_537c672348,NA
WRIST_539012ac0f,NA
WRIST_5390b46e5a,0
WRIST_53df810389,0
WRIST_540be65830,0
WRIST_54449beece,0
WRIST_54485178ec,NA
WRIST_54542d6d71,0
WRIST_54693b68bd,NA
WRIST_5483def89c,NA
WRIST_54b8807c64,NA
WRIST_54f57eb295,NA
WRIST_5513045c2e,NA
WRIST_55287ddf1a,NA
WRIST_552912ebea,1
WRIST_553a4ec305,NA
WRIST_554ab56c1b,1
WRIST_55a00c27ac,NA
WRIST_55c58f8eee,1
WRIST_55e6bae9fd,NA
WRIST_56035663e9,1
WRIST_562a0a7383,NA
WRIST_563d131795,NA
WRIST_5656a128d9,1
WRIST_56588f858b,1
WRIST_5660e50893,0
WRIST_566b44beac,NA
WRIST_567d7aa115,NA
WRIST_568b2aa749,0
WRIST_56f73b600d,0
WRIST_570a0bc789,NA
WRIST_571fb76468,NA
WRIST_573e753197,NA
WRIST_575717a9be,1
WRIST_576f5479db,NA
WRIST_57733d3578,NA
WRIST_5779cd8319,0
WRIST_5791ff3586,NA
WRIST_57d4da8e2e,NA
WRIST_57d9b50fc0,1
WRIST_57fe10dc07,NA
WRIST_5827a1069a,NA
WRIST_585664e927,NA
WRIST_585b60c3b7,NA
WRIST_5864805aa0,NA
WRIST_587e87edcc,1
WRIST_589e901820,NA
WRIST_58b823f1fd,NA
WRIST_58e94d3760,NA
WRIST_58ec0d7959,1
WRIST_58f3d053c0,NA
WRIST_59077f7e89,NA
WRIST_590e0d2a56,1
WRIST_5997582cf8,NA
WRIST_59ae07156e,NA
WRIST_5a34f09167,NA
WRIST_5a7538901d,NA
WRIST_5a92594033,NA
WRIST_5a963e42d1,1
WRIST_5ab6dd8ae7,NA
WRIST_5ada26274d,NA
WRIST_5b5998c9e7,NA
WRIST_5b6fd6c9c3,NA
WRIST_5b74b5a02f,NA
WRIST_5b8cae66d1,NA
WRIST_5b9c81eef2,1
WRIST_5ba6359009,NA
WRIST_5c04a18b9c,1
WRIST_5c0f954690,NA
WRIST_5c31d34960,0
WRIST_5c31e4c2fe,NA
WRIST_5c49d907be,NA
WRIST_5c5aca8296,NA
WRIST_5c9c0e8fc8,0
WRIST_5cca0816c4,1
WRIST_5ce542bc98,1
WRIST_5d1f0c44b7,0
WRIST_5d7864bee0,1
WRIST_5d7aa79af6,NA
WRIST_5e2f4bbe1e,NA
WRIST_5e6c769dfc,NA
WRIST_5eafe7215a,1
WRIST_5ecebb8610,1
WRIST_5ed4f792d4,1
WRIST_5edd21bf0c,NA
WRIST_5ef4d954b9,NA
WRIST_5fa0a4b800,NA
WRIST_5fa6d93870,NA
WRIST_5fbc1d97f0,NA
WRIST_5ff52d8c09,NA
WRIST_5ff8025f98,1
WRIST_5ffc71f79e,NA
WRIST_6045f9bafe,NA
WRIST_606f6598f6,1
WRIST_6096dbdcd9,1
WRIST_60d99e7d9c,NA
WRIST_60f7bd4160,0
WRIST_60fd8db2e2,1
WRIST_611fd75b81,NA
WRIST_6131ab3a94,NA
WRIST_6165d496a7,0
WRIST_61674dc065,NA
WRIST_6183513f08,NA
WRIST_619f779e8d,NA
WRIST_61a6cacadf,NA
WRIST_61d0b391b7,0
WRIST_61f21c09ef,0
WRIST_62095813d4,NA
WRIST_6228a4ad29,1
WRIST_628cc19f02,NA
WRIST_62c0f045e1,NA
WRIST_62c166a8ee,NA
WRIST_62f2b2123d,0
WRIST_62fd5b2a01,NA
WRIST_6300eefd37,NA
WRIST_631267a4df,NA
WRIST_6348e23de4,0
WRIST_634d0f9aa1,0
WRIST_63941fef23,1
WRIST_63b7d2e106,NA
WRIST_63c64799bd,NA
WRIST_63ca8a853c,NA
WRIST_640bd892ac,NA
WRIST_6410ddee24,NA
WRIST_6427a69064,NA
WRIST_6435014ac9,NA
WRIST_646e309235,NA
WRIST_64d3fd734d,NA
WRIST_654d8cfb8e,0
WRIST_654db5bc5e,NA
WRIST_6576e58a32,NA
WRIST_6589636cf5,1
WRIST_6595816347,NA
WRIST_65a310163b,NA
WRIST_65b54096fc,NA
WRIST_65c28f6c41,NA
WRIST_65c4197dce,NA
WRIST_65f1b18c0e,0
WRIST_6648870af0,NA
WRIST_665d55f889,0
WRIST_6688c6eb20,1
WRIST_66cfc7379f,0
WRIST_66d70aeb3a,NA
WRIST_67008af743,0
WRIST_6716ad742b,NA
WRIST_6721e64152,NA
WRIST_67244bd148,NA
WRIST_672bd2e7ec,NA
WRIST_674d0c0268,NA
WRIST_67712c6138,NA
WRIST_678bc29381,NA
WRIST_6790812c41,1
WRIST_67cfcea226,1
WRIST_67e236d493,NA
WRIST_68369ce120,NA
WRIST_68ae2629f7,0
WRIST_68ff2dd6ae,NA
WRIST_691477507a,NA
WRIST_6929037791,1
WRIST_692f7f0104,NA
WRIST_6933331bce,NA
WRIST_693c556c3a,NA
WRIST_696980cc42,NA
WRIST_696fbb099d,NA
WRIST_697060f1e2,NA
WRIST_69834b3703,0
WRIST_698be94dfa,0
WRIST_6a1fe1c00c,NA
WRIST_6a72001a4b,NA
WRIST_6a8ef8dfbe,NA
WRIST_6aa6789568,0
WRIST_6abf4c0c70,1
WRIST_6b14bc5279,0
WRIST_6b1ad115c2,0
WRIST_6b49a6e617,1
WRIST_6b625c1c16,NA
WRIST_6b647d358d,0
WRIST_6b9bab74bc,NA
WRIST_6ba9b26bbc,NA
WRIST_6bb680e6d4,NA
WRIST_6bd0fa1f3a,NA
WRIST_6bd8150f29,NA
WRIST_6bdae1f252,0
WRIST_6bf087e8a6,NA
WRIST_6bfdb15202,NA
WRIST_6c21ef23b5,NA
WRIST_6c2812d556,NA
WRIST_6c2dd08bce,NA
WRIST_6c43ae123f,NA
WRIST_6c548d9b18,1
WRIST_6ca50b0b7d,NA
WRIST_6cb81dfeaa,NA
WRIST_6ced84858b,1
WRIST_6cf9eb9eed,NA
WRIST_6d0069a7f8,NA
WRIST_6d30a6adc2,NA
WRIST_6daefacadf,NA
WRIST_6e29381b16,0
WRIST_6e4af634c4,NA
WRIST_6e64a0c473,1
WRIST_6e76e008e2,0
WRIST_6e9ed8bcb2,0
WRIST_6ee90b845a,NA
WRIST_6ef71e1f7f,NA
WRIST_6f2c2b3e9f,NA
WRIST_6f32ad6c23,NA
WRIST_6f50c023db,NA
WRIST_6f5d416821,NA
WRIST_6f5e7c5bc1,NA
WRIST_6f80b815ff,NA
WRIST_6f97c5ade2,NA
WRIST_6fa81b3a39,NA
WRIST_6ff9ad165b,NA
WRIST_6fff9841e4,NA
WRIST_704ef92278,0
WRIST_7072e1c40e,NA
WRIST_708bce62f9,NA
WRIST_70eda6bbea,NA
WRIST_70ff683d04,NA
WRIST_711c1db2ef,NA
WRIST_712b304098,NA
WRIST_71c31aff71,1
WRIST_71dbdfebd4,0
WRIST_71eb787957,NA
WRIST_72161eccc5,NA
WRIST_72573c8166,0
WRIST_7258ff7639,0
WRIST_72772db3f0,NA
WRIST_728307cf84,NA
WRIST_72a7ceb116,1
WRIST_72c5f92365,NA
WRIST_72e91b2b0f,0
WRIST_7348f98736,1
WRIST_734fd0dd23,NA
WRIST_7356014165,NA
WRIST_73824f1db1,0
WRIST_73b4f8345d,NA
WRIST_73bd82ccd0,1
WRIST_73d860637c,NA
WRIST_740aa81b11,NA
WRIST_7410c77a30,NA
WRIST_7423733ca6,NA
WRIST_74314b2240,NA
WRIST_7436e0cc20,NA
WRIST_743fb47137,0
WRIST_7442d7eb36,0
WRIST_7454aaa030,NA
WRIST_74599a6653,NA
WRIST_74ae4d8f4e,1
WRIST_74b2d15b70,NA
WRIST_74c7bf2676,NA
WRIST_74fe576997,NA
WRIST_75337a6237,NA
WRIST_756937a8a2,0
WRIST_75ad2570f0,NA
WRIST_75cec881a0,NA
WRIST_761c057f13,NA
WRIST_762814229d,1
WRIST_7630f38864,NA
WRIST_764aff5ef2,NA
WRIST_7651bc4517,0
WRIST_7678bb0a9d,NA
WRIST_76a14a0b28,NA
WRIST_76ce38b0fa,NA
WRIST_76e5a08b90,NA
WRIST_76f0c1c966,NA
WRIST_77155dff1b,1
WRIST_77397c68d8,NA
WRIST_776a941010,0
WRIST_778f6b495b,1
WRIST_779bef7b03,NA
WRIST_77aa61caee,NA
WRIST_77beb6ec50,NA
WRIST_77c4baba09,NA
WRIST_77c9f8bf57,NA
WRIST_77ef36d1c6,NA
WRIST_7803b8c0fd,0
WRIST_780c209d2b,NA
WRIST_78867ad8d0,NA
WRIST_78f208946b,NA
WRIST_78fba95827,1
WRIST_7905a0dbaf,NA
WRIST_791511482b,0
WRIST_7933600b9b,NA
WRIST_79533e8ba8,NA
WRIST_7999ea564e,1
WRIST_79dc27fb40,NA
WRIST_79f5160e99,NA
WRIST_7a01f6830c,NA
WRIST_7a1a8767fc,NA
WRIST_7a2577464f,NA
WRIST_7a3ed977df,NA
WRIST_7a4336985a,NA
WRIST_7a72f22686,NA
WRIST_7a8a8062ac,0
WRIST_7aa5cd6750,1
WRIST_7aeb896403,NA
WRIST_7b1edfaf48,NA
WRIST_7b1ef2b971,NA
WRIST_7b2049ca96,0
WRIST_7b35160360,NA
WRIST_7b43d8f4f7,NA
WRIST_7b60a7c53d,NA
WRIST_7bb9de5665,NA
WRIST_7bd6f1f126,1
WRIST_7c07a36999,NA
WRIST_7c1a8c18d8,NA
WRIST_7c6ed05092,0
WRIST_7c87afdb4a,NA
WRIST_7c8f960571,1
WRIST_7c99b7ee66,NA
WRIST_7c9f313e3b,NA
WRIST_7cac16d2e3,0
WRIST_7cc93ae85e,NA
WRIST_7cffe0a355,NA
WRIST_7d090883e9,0
WRIST_7d17392e6b,NA
WRIST_7d43a32042,NA
WRIST_7d5cd71e57,NA
WRIST_7d7a8cdc36,NA
WRIST_7d83efa370,NA
WRIST_7d9f976bc5,1
WRIST_7db4a7ec4b,NA
WRIST_7db620f9af,NA
WRIST_7dd3a32f83,NA
WRIST_7df3dce97c,NA
WRIST_7e9107f5d8,0
WRIST_7eb64f6933,NA
WRIST_7ecbb333c4,NA
WRIST_7ed210fe61,NA
WRIST_7ef943ab8e,NA
WRIST_7f12e658fb,0
WRIST_7f130e3eac,NA
WRIST_7f2a896494,0
WRIST_7f4ddb3924,0
WRIST_7f4e37605f,NA
WRIST_7f5ce171ed,NA
WRIST_7f7a2b5104,1
WRIST_7f7dea72df,NA
WRIST_7fb41294e5,NA
WRIST_7fcec55383,NA
WRIST_7fd0774875,NA
WRIST_7fd65d9ab7,NA
WRIST_7ff40890ff,NA
WRIST_8028647871,1
WRIST_802ce2e195,NA
WRIST_8044742c24,NA
WRIST_805224e94b,NA
WRIST_8067df61a7,1
WRIST_80737925ac,1
WRIST_807d130578,NA
WRIST_80b6e8bce7,NA
WRIST_80bc10b58c,NA
WRIST_80ed9980c2,NA
WRIST_80f5a49095,NA
WRIST_810ee14a8a,1
WRIST_812a033377,NA
WRIST_812c08561e,NA
WRIST_81765c979b,0
WRIST_8186b60e79,1
WRIST_81f6f53203,NA
WRIST_8239c6332e,1
WRIST_829fc1d8e5,NA
WRIST_82a0ddd312,NA
WRIST_82a78c8bb5,NA
WRIST_82b0e33537,NA
WRIST_82c9b8337b,NA
WRIST_82d8a2c5d9,NA
WRIST_830896205c,NA
WRIST_8333b38d67,NA
WRIST_8334533372,NA
WRIST_83665f5c6d,0
WRIST_836eac550f,1
WRIST_83ef3f1342,NA
WRIST_83f69772f4,1
WRIST_842bd35000,NA
WRIST_849d5ff62a,NA
WRIST_84f0dcbbb9,0
WRIST_84f3dcc60a,NA
WRIST_84f52926a5,0
WRIST_850864c79e,NA
WRIST_8534f16994,NA
WRIST_85595b94d0,NA
WRIST_85641fe313,NA
WRIST_85750caea1,NA
WRIST_85b8d78297,0
WRIST_85c0407902,1
WRIST_862fb951fd,NA
WRIST_864bfc7d42,1
WRIST_865872e399,NA
WRIST_8659d11ae6,NA
WRIST_866d7735f6,NA
WRIST_869dbdb850,0
WRIST_86b0630c95,0
WRIST_86ccaffa04,NA
WRIST_86e1e29d68,1
WRIST_86fee4b170,NA
WRIST_87115bd68a,NA
WRIST_879292bd66,NA
WRIST_879917395c,0
WRIST_87fda0c602,NA
WRIST_880ebd6525,1
WRIST_8879b4a816,NA
WRIST_88807b10c4,NA
WRIST_88b94309a6,NA
WRIST_8930287ebd,NA
WRIST_894d2c2a85,1
WRIST_89801a84d7,1
WRIST_89e2a5298b,1
WRIST_89e92053f2,NA
WRIST_89ea6342dc,1
WRIST_8a15283dcf,NA
WRIST_8a31b01c19,NA
WRIST_8a5078249c,0
WRIST_8a5857b55b,1
WRIST_8a8e532a07,NA
WRIST_8ab0b6b79a,1
WRIST_8ab0e51265,NA
WRIST_8ac68ee924,1
WRIST_8b1a1e2c47,1
WRIST_8b25a2c840,0
WRIST_8b284f6ea2,1
WRIST_8b559abb63,NA
WRIST_8bb8778cd2,NA
WRIST_8bd37f0fa6,NA
WRIST_8c26e5efc4,0
WRIST_8c2a847e61,NA
WRIST_8c6a2c2cd9,NA
WRIST_8c7ecd1298,0
WRIST_8c82c13574,NA
WRIST_8cb547c5de,NA
WRIST_8cdf7e25d4,NA
WRIST_8cf823b9c5,0
WRIST_8d0c4d6e63,NA
WRIST_8d18abcea2,NA
WRIST_8d1d6bfed3,NA
WRIST_8d44a0b811,0
WRIST_8d6004941b,NA
WRIST_8d7fc5baca,0
WRIST_8d970309c0,0
WRIST_8dc7a29724,NA
WRIST_8dded1fe4e,NA
WRIST_8deca5e565,0
WRIST_8df98ab913,NA
WRIST_8e343effe3,NA
WRIST_8e66170771,NA
WRIST_8e74eb0e29,0
WRIST_8eb32ec49b,NA
WRIST_8eb819e703,NA
WRIST_8ebaf8f9a8,NA
WRIST_8ec31164d3,NA
WRIST_8ec5862d79,0
WRIST_8eea2c288e,NA
WRIST_8f10787d03,NA
WRIST_8f9c925fd9,0
WRIST_8faef1c201,NA
WRIST_8fd6410afb,NA
WRIST_8fdefca52c,NA
WRIST_902e8c5081,NA
WRIST_904af7ca6b,0
WRIST_904bea51b0,1
WRIST_9064d291a4,0
WRIST_9098dbf532,NA
WRIST_909ca12b9f,NA
WRIST_90c1f77679,NA
WRIST_90d435fec3,NA
WRIST_910e6d594c,NA
WRIST_91356f7f80,NA
WRIST_917170493c,NA
WRIST_91a0ef3047,NA
WRIST_91a6af6a4c,NA
WRIST_91cd4222a2,0
WRIST_91dbdf3aca,1
WRIST_91f0edfc70,1
WRIST_9212b1fb5f,NA
WRIST_9220aa8522,0
WRIST_923785a398,0
WRIST_9238280dad,NA
WRIST_92889ced09,NA
WRIST_92a90c4183,NA
WRIST_92e2c26b24,1
WRIST_92f39d288e,NA
WRIST_931f932972,NA
WRIST_9336c84597,1
WRIST_9339a7bae6,NA
WRIST_9370775205,NA
WRIST_938f543e57,NA
WRIST_93c2b8ee39,0
WRIST_93fa22cd9b,NA
WRIST_9440da6c1b,NA
WRIST_947f122f72,0
WRIST_948304d30a,NA
WRIST_94b4d544d8,0
WRIST_94e49d023f,1
WRIST_94fb3da61b,NA
WRIST_94fb7219d3,NA
WRIST_956c8b2826,NA
WRIST_959618ddbb,NA
WRIST_95a4bbfcf7,0
WRIST_95c8559f5b,NA
WRIST_962d4326d6,1
WRIST_966cd883cf,NA
WRIST_968d64acc8,NA
WRIST_969a97c355,NA
WRIST_969b7e4239,NA
WRIST_969d1a0831,NA
WRIST_96aec44c35,NA
WRIST_96b4a57fb6,NA
WRIST_96efaecae3,NA
WRIST_96f704c01b,1
WRIST_970447046f,NA
WRIST_9721e755d7,NA
WRIST_973e38a5fa,NA
WRIST_97527aaa98,NA
WRIST_97a4a53989,1
WRIST_97a9956eb6,NA
WRIST_97afcf267a,NA
WRIST_97b36112f9,NA
WRIST_97b5b2e2a0,NA
WRIST_97bc2108af,NA
WRIST_97beefc461,NA
WRIST_97c3a6cb55,1
WRIST_97dea55926,NA
WRIST_97f5bbbeac,0
WRIST_980fac75e2,1
WRIST_982118620a,NA
WRIST_982f902cb2,NA
WRIST_98401d14f2,NA
WRIST_984eb33561,NA
WRIST_98598b8a5e,NA
WRIST_98799335bc,NA
WRIST_988900b817,NA
WRIST_98927e9b7f,NA
WRIST_98baa7aad1,NA
WRIST_990800982d,NA
WRIST_994fd369b3,NA
WRIST_9963bd20c4,NA
WRIST_999493a3c5,0
WRIST_99c8a3cbd3,0
WRIST_99e95fec39,0
WRIST_99ee833e71,0
WRIST_99ef156b7f,0
WRIST_99f2aba9df,NA
WRIST_9a11d35070,NA
WRIST_9a1901b225,1
WRIST_9a19c8f5bd,NA
WRIST_9a2d7cf946,1
WRIST_9a611fe954,NA
WRIST_9a78f53f53,NA
WRIST_9aab6461fa,NA
WRIST_9aacb9d9f2,NA
WRIST_9abe6a69ba,0
WRIST_9ac386a0a1,NA
WRIST_9ae0e65c65,NA
WRIST_9b0b239e53,NA
WRIST_9b33e12881,NA
WRIST_9b39bbd977,1
WRIST_9b5242340f,NA
WRIST_9bdbaba0d0,0
WRIST_9c3ac70aeb,NA
WRIST_9c411d5290,NA
WRIST_9c5998602a,NA
WRIST_9ca8430215,NA
WRIST_9cacb6c57f,NA
WRIST_9cd553fbcb,NA
WRIST_9d04ce2b82,1
WRIST_9d05838349,NA
WRIST_9d1241f417,1
WRIST_9d1bcb9266,NA
WRIST_9d33929c28,NA
WRIST_9d731b74df,NA
WRIST_9daa067927,NA
WRIST_9db12c9ea4,NA
WRIST_9db94a805a,NA
WRIST_9dbdaff3e7,NA
WRIST_9e7d00a804,0
WRIST_9e7ee967e2,NA
WRIST_9e8f96b770,NA
WRIST_9e933d4cb4,NA
WRIST_9ebf0d3da3,0
WRIST_9ee1104216,NA
WRIST_9f2c859ed8,NA
WRIST_9f2d4a688e,NA
WRIST_9f57baea82,NA
WRIST_9f7ecb4650,NA
WRIST_9f93994176,NA
WRIST_9fa3d123d8,NA
WRIST_9fc6701142,NA
WRIST_9fd070d44b,NA
WRIST_9fd42e54e3,1
WRIST_9fde41cc06,1
WRIST_9fdfc35cf1,0
WRIST_9ff10c12ee,NA
WRIST_9ff875f862,NA
WRIST_a001d2441a,NA
WRIST_a009c6557f,NA
WRIST_a013d49b7f,NA
WRIST_a01676376d,NA
WRIST_a04e8ae3ec,NA
WRIST_a08b87695f,NA
WRIST_a0b4f62261,NA
WRIST_a0b97069ee,NA
WRIST_a0c7e74ccd,1
WRIST_a13466e602,NA
WRIST_a16353b8fb,NA
WRIST_a192d0f571,1
WRIST_a1b86671fe,NA
WRIST_a1c86f6834,NA
WRIST_a1c8f5da6f,NA
WRIST_a1f51a019c,NA
WRIST_a2075ab7d1,NA
WRIST_a21dabf422,NA
WRIST_a238cf564b,NA
WRIST_a28ec9d12f,NA
WRIST_a2984b2532,NA
WRIST_a2b802787a,NA
WRIST_a2cb84e07c,1
WRIST_a2e422ccf0,NA
WRIST_a2f74644cb,NA
WRIST_a2fe0ed702,NA
WRIST_a31cfd7f73,NA
WRIST_a32f3193f3,0
WRIST_a331382dd4,1
WRIST_a377c90606,NA
WRIST_a38b09c560,NA
WRIST_a3b4f7e95c,0
WRIST_a425b879d4,NA
WRIST_a42664c933,0
WRIST_a42c816a6f,NA
WRIST_a4360a4b16,NA
WRIST_a4531dec90,NA
WRIST_a4538a478e,0
WRIST_a47e971027,NA
WRIST_a48be08fd4,NA
WRIST_a48cc95b92,NA
WRIST_a4c77bb5e5,NA
WRIST_a4dce7d73d,NA
WRIST_a50d62561a,NA
WRIST_a5136ee450,NA
WRIST_a53e4295b2,NA
WRIST_a53f19e3aa,NA
WRIST_a5507d018f,1
WRIST_a55e8ca5f5,NA
WRIST_a5681b1f50,1
WRIST_a5685df8fa,NA
WRIST_a5abf5e746,NA
WRIST_a5b044da00,NA
WRIST_a5f110fd5b,NA
WRIST_a60251a91e,0
WRIST_a6217c9455,1
WRIST_a67e2e920f,0
WRIST_a6871ddc17,0
WRIST_a6aac43a42,NA
WRIST_a6e645a59a,NA
WRIST_a6ee3023d5,NA
WRIST_a71069f554,NA
WRIST_a72f153742,NA
WRIST_a7412d9b28,NA
WRIST_a74cffbb84,1
WRIST_a76cb011bc,NA
WRIST_a79851bb78,NA
WRIST_a7a463bbfe,NA
WRIST_a7b7537896,1
WRIST_a7bf9f8a21,NA
WRIST_a7de33aa13,NA
WRIST_a7ed44dee2,NA
WRIST_a8064dc578,NA
WRIST_a84557c77c,1
WRIST_a8552c1168,NA
WRIST_a8a535fa91,1
WRIST_a8a940f496,NA
WRIST_a8b22a400e,NA
WRIST_a8bce34c9e,NA
WRIST_a8c36bd377,0
WRIST_a8e6018a64,0
WRIST_a8fcd00f20,NA
WRIST_a9019d4317,NA
WRIST_a9148b4c1d,1
WRIST_a926925f0b,NA
WRIST_a938c7ef6e,0
WRIST_a94616a40a,1
WRIST_a962c0481e,1
WRIST_a96530a323,NA
WRIST_a9701565db,0
WRIST_a97f60376e,1
WRIST_a9a5eeb609,NA
WRIST_a9ac0057bd,NA
WRIST_a9fd4c8717,NA
WRIST_aa3cc8faa3,NA
WRIST_aa4ac68a21,NA
WRIST_aa7c450146,1
WRIST_aa9ad21a8d,NA
WRIST_ab209b2e51,NA
WRIST_ab4217e367,NA
WRIST_ab5c97c7b8,0
WRIST_ab9a3febd3,0
WRIST_ac155049ac,NA
WRIST_ac2d0d8165,NA
WRIST_ac42ac1903,NA
WRIST_ac47348033,NA
WRIST_ac6abe12bf,0
WRIST_ac7981c98b,0
WRIST_aca5b1a42d,NA
WRIST_acb450ccbf,NA
WRIST_acc81c7642,NA
WRIST_accd5ca9c7,NA
WRIST_accf56e91b,NA
WRIST_acddd90cc5,NA
WRIST_acdf9615d0,1
WRIST_ad2fbb856f,NA
WRIST_ad349579e5,NA
WRIST_addd87733c,NA
WRIST_ae0d777b1e,NA
WRIST_ae116eb852,NA
WRIST_ae3803edfb,NA
WRIST_ae4f30bc4c,NA
WRIST_ae7241cb05,NA
WRIST_ae7b81c21b,NA
WRIST_ae9ad3566c,NA
WRIST_aeb0a32efe,NA
WRIST_aedc995b2e,NA
WRIST_aeebb2c29a,1
WRIST_aefe221e17,NA
WRIST_af03d6c405,NA
WRIST_af17381eb0,NA
WRIST_af38ebe2b8,NA
WRIST_af48682e04,NA
WRIST_af8fa16405,0
WRIST_af94099e5c,0
WRIST_afac063b1b,NA
WRIST_afe7a34e65,NA
WRIST_b01bdcf214,1
WRIST_b03666e598,NA
WRIST_b0482d87a7,0
WRIST_b07612b2c9,NA
WRIST_b0805d1dd1,0
WRIST_b0a1fc6c54,NA
WRIST_b0a6394f17,0
WRIST_b0c5573950,NA
WRIST_b0e63c5341,NA
WRIST_b13960fb70,NA
WRIST_b18740a5a4,NA
WRIST_b188ee75e8,1
WRIST_b1dfe7cb92,NA
WRIST_b24ed8df42,NA
WRIST_b2520662bb,NA
WRIST_b2527caed1,0
WRIST_b257183b7f,NA
WRIST_b27a3b861c,NA
WRIST_b282461eef,NA
WRIST_b2cb6b5c37,1
WRIST_b2cd981df6,NA
WRIST_b2d6573af5,0
WRIST_b2e4d49279,0
WRIST_b2f874f464,0
WRIST_b30f4e39d1,NA
WRIST_b310c9e034,NA
WRIST_b328477282,NA
WRIST_b3863c592b,1
WRIST_b39058f68f,NA
WRIST_b39e4686ca,NA
WRIST_b3b4cb47f8,NA
WRIST_b3c3a3ec59,NA
WRIST_b3d19e2bb9,NA
WRIST_b4043843b4,NA
WRIST_b40ecae312,0
WRIST_b421c6a8da,1
WRIST_b429b8539b,NA
WRIST_b469f79bde,NA
WRIST_b471eb8992,NA
WRIST_b4a02d1c33,NA
WRIST_b4ac9da145,NA
WRIST_b5a0d32440,0
WRIST_b5de9b8a12,0
WRIST_b5e192511b,NA
WRIST_b5f8c7a793,1
WRIST_b618ba1455,0
WRIST_b63071c6c2,0
WRIST_b65011ef49,0
WRIST_b67ce60c79,0
WRIST_b690e53976,1
WRIST_b6a370c618,1
WRIST_b6db47024e,0
WRIST_b6e1731128,0
WRIST_b75562cfc9,1
WRIST_b75b661956,0
WRIST_b75ffb847a,0
WRIST_b78b8df0d8,1
WRIST_b78c961924,1
WRIST_b7d506f08c,0
WRIST_b8189237fa,0
WRIST_b826edea7c,0
WRIST_b87cc75e7a,0
WRIST_b88d2eee89,0
WRIST_b8cc2574e3,0
WRIST_b8d1597a17,0
WRIST_b8dc36c9ad,1
WRIST_b8e8cd15c4,0
WRIST_b8f10bf555,1
WRIST_b917fed140,0
WRIST_b940d42692,0
WRIST_b9461d5c34,0
WRIST_b957ac3100,1
WRIST_b9af9933fa,1
WRIST_b9fd778670,1
WRIST_ba0c4da031,0
WRIST_bad2599ed8,1
WRIST_bad863024a,0
WRIST_bb1506dfbf,0
WRIST_bb17e33989,0
WRIST_bb20863e51,0
WRIST_bb61a4bbf7,0
WRIST_bb686cf57e,1
WRIST_bb7f2628ef,1
WRIST_bbdb3fd6ab,0
WRIST_bc03e2bd41,1
WRIST_bc18d197fe,1
WRIST_bc6dc0cd84,1
WRIST_bc6f8691c7,1
WRIST_bc830e0a3a,0
WRIST_bc8ae96815,1
WRIST_bcaf2f7060,0
WRIST_bcb01af43e,1
WRIST_bcc0ca7f2e,1
WRIST_bccb67afb1,1
WRIST_bcd52d4c45,0
WRIST_bd0688b7c5,1
WRIST_bd07dd3a03,0
WRIST_bd3c29b548,1
WRIST_bd97579e95,1
WRIST_bda39c869c,1
WRIST_bda4df0d06,0
WRIST_bda9fd2cf9,0
WRIST_bdca665db5,0
WRIST_bddc285f81,0
WRIST_be0ddaea83,1
WRIST_be3d7f3cea,1
WRIST_be638b7307,0
WRIST_be6d78c04b,1
WRIST_be6fc1ded6,1
WRIST_be70425146,0
WRIST_be91840e04,1
WRIST_beac75f5c9,0
WRIST_beca5ce043,0
WRIST_becdbb6ca8,1
WRIST_bee47b857a,0
WRIST_bf2db215a8,0
WRIST_bf3e0e23c3,1
WRIST_bf58459648,1
WRIST_bf75d976f8,0
WRIST_bf82d3deb1,1
WRIST_bf9fa99bd4,0
WRIST_bfd1a5f083,1
WRIST_bfe0a2a17b,1
WRIST_bff122abe3,1
WRIST_bffd02fcef,0
WRIST_bffeb908a9,0
WRIST_c00b442bce,0
WRIST_c0661ec560,1
WRIST_c08579a576,0
WRIST_c09e951953,1
WRIST_c0d23d3b26,1
WRIST_c0d9c3d0bf,0
WRIST_c0dec8bb90,0
WRIST_c119b25d4f,1
WRIST_c1451ba217,1
WRIST_c15ca1b1aa,0
WRIST_c1651d0b4d,0
WRIST_c1c55e37dd,0
WRIST_c1ca106c1d,0
WRIST_c1cea6bee2,0
WRIST_c22c9e95ba,1
WRIST_c236216ff8,1
WRIST_c245f68232,0
WRIST_c265b78f86,1
WRIST_c271ce007d,1
WRIST_c272c73ea9,1
WRIST_c2ab2e4586,1
WRIST_c2caeebfe8,0
WRIST_c31dea9f27,0
WRIST_c329cd9338,0
WRIST_c33b63613a,0
WRIST_c3415a27dd,0
WRIST_c36e48f852,0
WRIST_c37362130a,0
WRIST_c391648c7e,0
WRIST_c3932858fc,1
WRIST_c3b4e1e60b,1
WRIST_c3d912b2dd,1
WRIST_c3eb971207,1
WRIST_c3f56e2421,1
WRIST_c3fee88720,1
WRIST_c423499466,1
WRIST_c430fdb420,1
WRIST_c469144e1f,0
WRIST_c477134721,0
WRIST_c4ac20a344,1
WRIST_c4f73934af,0
WRIST_c50f2a1e8f,1
WRIST_c533bc686f,0
WRIST_c5913e8468,1
WRIST_c5a6c8f73d,1
WRIST_c5ede63a6a,1
WRIST_c628a1a8fe,0
WRIST_c629bf5d53,0
WRIST_c64ed2f792,0
WRIST_c671cfb95f,0
WRIST_c696ab4ba6,0
WRIST_c6aa23f51e,1
WRIST_c6b2c57e20,0
WRIST_c6ba6a61dc,1
WRIST_c71ee5c286,0
WRIST_c720593c49,0
WRIST_c7378f401e,0
WRIST_c77c53e91b,1
WRIST_c793720f1e,1
WRIST_c79de29028,1
WRIST_c7b2f9827b,1
WRIST_c7b7764cc2,0
WRIST_c7bd253450,1
WRIST_c7bd763ec6,1
WRIST_c7d2819c16,1
WRIST_c7f035908f,0
WRIST_c8014e04de,1
WRIST_c8229feec2,0
WRIST_c8589b0898,0
WRIST_c864b02380,0
WRIST_c886210790,1
WRIST_c89e2b4580,0
WRIST_c8cfbd6086,0
WRIST_c8f5044717,1
WRIST_c9354643dd,1
WRIST_c940b8a5a3,1
WRIST_c950b4d8f5,0
WRIST_c98791a41a,0
WRIST_c9c1695b33,0
WRIST_c9c28d7f09,1
WRIST_c9c654b478,1
WRIST_c9e26c846e,0
WRIST_c9e9c0447b,1
WRIST_ca147e400c,1
WRIST_ca3866ab05,0
WRIST_ca6a292a22,1
WRIST_caa34190ef,1
WRIST_cb02bf2041,1
WRIST_cb08c20bfd,1
WRIST_cb7236fd28,0
WRIST_cb78f20621,0
WRIST_cb933f58ba,0
WRIST_cbabdde95f,1
WRIST_cbc7825f48,0
WRIST_cbf040f732,0
WRIST_cc212addae,1
WRIST_cc26bb819c,0
WRIST_cc3156f8cc,0
WRIST_cc52175244,1
WRIST_cc5d2024bd,1
WRIST_cc967a26fb,0
WRIST_ccc82f3c41,0
WRIST_cccfbb3b16,1
WRIST_ccfcaa11aa,0
WRIST_cd4c0f2ffc,0
WRIST_cd87b7bfe9,0
WRIST_cda8c4665c,0
WRIST_cdae3016ab,0
WRIST_ce16fc20e5,0
WRIST_ce20d9d999,1
WRIST_ce291497ea,0
WRIST_ce727f5eef,1
WRIST_ceac6921a9,0
WRIST_cedf5a687d,1
WRIST_cf0368d1d4,0
WRIST_cf3bcfede5,0
WRIST_cf5018ca6f,1
WRIST_cf64fbe703,1
WRIST_cf78d98cfa,0
WRIST_cf85e0650f,0
WRIST_cf8e909ebd,0
WRIST_cf9a32113a,0
WRIST_cf9ea25ba4,0
WRIST_cfab01cc0c,0
WRIST_cfb6faf9c6,1
WRIST_cfde832782,0
WRIST_cfe35394cf,0
WRIST_d002fa35c7,1
WRIST_d02abeb24a,1
WRIST_d05199c00b,0
WRIST_d05657a109,0
WRIST_d0a7254458,1
WRIST_d0d0fd4294,0
WRIST_d11a758361,0
WRIST_d1261532e3,1
WRIST_d164ce705e,0
WRIST_d170d9a0ab,0
WRIST_d17f8bab87,1
WRIST_d1b4583bec,1
WRIST_d1da2d2709,0
WRIST_d1e27847e3,0
WRIST_d1e3857972,0
WRIST_d1e412533d,1
WRIST_d1f4fbb553,0
WRIST_d1f74750d2,1
WRIST_d21201407e,0
WRIST_d223e5db67,0
WRIST_d278deba44,0
WRIST_d27a949cc9,0
WRIST_d2c5abac1d,0
WRIST_d31f0aa8e7,1
WRIST_d33831b13a,0
WRIST_d33f1a6ddd,0
WRIST_d36840477e,1
WRIST_d383330220,0
WRIST_d3f4233f01,1
WRIST_d441e03eae,1
WRIST_d47d3d8af2,1
WRIST_d4843ffa6c,0
WRIST_d498d07617,0
WRIST_d4e75e573e,1
WRIST_d51f3b7689,0
WRIST_d5239ab8bd,1
WRIST_d52e9ec7f6,0
WRIST_d53580e8a2,1
WRIST_d5767a7889,1
WRIST_d58ff4e8f5,0
WRIST_d5a5dd8a10,0
WRIST_d5a9eb92d2,0
WRIST_d62bda438f,1
WRIST_d647a09e06,1
WRIST_d65da29352,0
WRIST_d66fc99091,1
WRIST_d6974a8c98,1
WRIST_d6d427fd52,1
WRIST_d6e0cccec9,1
WRIST_d73b591827,1
WRIST_d747c344e7,0
WRIST_d76a18906c,0
WRIST_d7ab3580bf,1
WRIST_d7ac15f2a0,1
WRIST_d7b2bdd3ec,1
WRIST_d7b6ea4aaf,0
WRIST_d7e6a45c2a,0
WRIST_d7fcdb7fb8,1
WRIST_d807521e16,0
WRIST_d80a79578a,1
WRIST_d83c057602,0
WRIST_d84e69f5f9,1
WRIST_d86250ef2e,0
WRIST_d87891fb22,1
WRIST_d8c3d13b31,0
WRIST_d8d9a23365,0
WRIST_d8f308e2f9,0
WRIST_d8fdb91a10,1
WRIST_d93ae93af1,0
WRIST_d993e22745,1
WRIST_d9b10ba797,0
WRIST_d9ca7b7e45,0
WRIST_da062b3611,0
WRIST_da23f695ab,1
WRIST_da32f0cb22,0
WRIST_da35c75167,1
WRIST_da4518edc7,1
WRIST_da8fb0b920,1
WRIST_dab37509e8,0
WRIST_dad441e1e1,1
WRIST_dafacb6172,1
WRIST_db6d508e5b,1
WRIST_db78d25886,1
WRIST_dba48b0a23,0
WRIST_dc40bbfc82,1
WRIST_dc632557c4,0
WRIST_dc88084535,0
WRIST_dc941f73aa,1
WRIST_dcba2318bc,0
WRIST_dcd57a5775,1
WRIST_dd0a7c531b,1
WRIST_dd0c971990,1
WRIST_dd54b71c98,0
WRIST_dd5f27893b,1
WRIST_dd7db7c571,1
WRIST_dd91a8dd7b,1
WRIST_dd9fe765e0,1
WRIST_ddb3864b26,0
WRIST_ddc2a3611c,0
WRIST_dde3f15146,1
WRIST_de44b052ad,0
WRIST_de5780a0f8,0
WRIST_de81b184cf,1
WRIST_de89cb4b5c,1
WRIST_dedaef5e63,1
WRIST_df0ba6b32c,1
WRIST_df1eb2878c,0
WRIST_df390509a3,0
WRIST_df3983d027,0
WRIST_df582d3a16,0
WRIST_df5ae3d959,1
WRIST_df5d248f49,0
WRIST_df63c46bf0,0
WRIST_df6d7420af,0
WRIST_df8f11b19d,0
WRIST_dfaf81f435,0
WRIST_dfbc6b212f,0
WRIST_dfd47c23e4,1
WRIST_dfffd764b0,1
WRIST_e07e64e932,0
WRIST_e08e42c094,0
WRIST_e0c114a8f3,0
WRIST_e0d47bdf42,1
WRIST_e0e25c4ff4,1
WRIST_e0ec4ab783,0
WRIST_e0ff7a06c2,1
WRIST_e11670d1a8,1
WRIST_e122955780,0
WRIST_e1278faae1,0
WRIST_e130a92275,1
WRIST_e15c5a0c53,1
WRIST_e16852568a,1
WRIST_e17b8190d9,1
WRIST_e1ea6d5c6b,0
WRIST_e1eb9fd690,1
WRIST_e233c9627e,0
WRIST_e23f739a95,1
WRIST_e247524b3c,1
WRIST_e25a939dab,1
WRIST_e2c040bd2d,0
WRIST_e2c78f5982,1
WRIST_e2eda67955,1
WRIST_e2fdb177ac,0
WRIST_e35e80fb26,0
WRIST_e35fb91678,1
WRIST_e3b85d3349,1
WRIST_e3c0c251ae,1
WRIST_e3c8753aa4,0
WRIST_e3cdb319f3,1
WRIST_e40c48a3a5,1
WRIST_e414f63671,1
WRIST_e4176d4a77,0
WRIST_e418d4a9c2,1
WRIST_e41eec7cb9,0
WRIST_e41f4c016e,1
WRIST_e4484e2041,0
WRIST_e49813cb21,1
WRIST_e4b18c169d,0
WRIST_e4bb9408b4,0
WRIST_e4e3643361,1
WRIST_e517ef8035,0
WRIST_e52171a87d,0
WRIST_e521c10ee6,0
WRIST_e539f79585,1
WRIST_e5467efc03,0
WRIST_e551e9a0ec,1
WRIST_e59052c345,1
WRIST_e597206be3,1
WRIST_e5b786f4ae,1
WRIST_e6115376c9,1
WRIST_e653dc66ef,0
WRIST_e65bc703f3,0
WRIST_e65f0a081d,0
WRIST_e6628b699e,1
WRIST_e678a8950e,1
WRIST_e67e7eff46,1
WRIST_e68820ebfd,0
WRIST_e69f3db9f6,1
WRIST_e6da9faffb,1
WRIST_e704253a6d,1
WRIST_e71ab8f366,1
WRIST_e77c1f8d85,0
WRIST_e79a8231cd,1
WRIST_e7ddf605e3,1
WRIST_e815faf55f,0
WRIST_e8276a426e,0
WRIST_e8a4b991d0,0
WRIST_e8d721bfa8,0
WRIST_e8e590a2fb,1
WRIST_e8e8b854d8,0
WRIST_e9014430b3,1
WRIST_e913d713f0,1
WRIST_e968684f27,1
WRIST_e9926a279c,0
WRIST_e9a9cfeb50,1
WRIST_e9ad0e67d8,0
WRIST_e9ccbf0b6f,1
WRIST_e9ffa947f8,1
WRIST_ea0462a0a4,0
WRIST_ea0f4a61f6,1
WRIST_ea10527927,0
WRIST_ea5ccfa956,0
WRIST_eaac050dd2,0
WRIST_eac1d6ff76,1
WRIST_eac5df9461,1
WRIST_ead2dc1eaa,1
WRIST_eade83a08c,0
WRIST_eb32ccc78a,0
WRIST_eb4df7334f,0
WRIST_eb601d21b4,0
WRIST_eb7c87786c,0
WRIST_eb7e3ea9e1,0
WRIST_eb936be039,0
WRIST_ebb47191f3,1
WRIST_ec0df6e1c4,1
WRIST_eca28c580e,1
WRIST_ecdd3f992c,0
WRIST_ed0882dd08,1
WRIST_ed14f30e14,0
WRIST_ed243e9301,0
WRIST_ed3787f69d,1
WRIST_ed51b1a594,1
WRIST_ed715bfbdc,0
WRIST_edbd229056,0
WRIST_edebfd0fc7,0
WRIST_edf43f334c,1
WRIST_ee101e24ab,1
WRIST_ee114ae26f,1
WRIST_ee87f52988,0
WRIST_ee8b2b7d84,1
WRIST_eed92db91b,1
WRIST_eedad63c5d,0
WRIST_ef30fcae8e,1
WRIST_ef40c43cbd,0
WRIST_ef66a8db28,0
WRIST_ef6dda59f8,0
WRIST_efa8273530,0
WRIST_efe7ed9582,1
WRIST_f0072d3865,0
WRIST_f028fa4c67,0
WRIST_f038fbee6a,0
WRIST_f04a00c89c,1
WRIST_f06c88600a,1
WRIST_f0748a7422,1
WRIST_f081ead296,1
WRIST_f08f4136b8,0
WRIST_f0a4ee481c,0
WRIST_f1369c8902,0
WRIST_f1546a2f2e,1
WRIST_f1939901bd,1
WRIST_f198215b57,0
WRIST_f1fb89ecce,1
WRIST_f21917847d,1
WRIST_f23febcd94,1
WRIST_f25325d042,1
WRIST_f263f54bff,0
WRIST_f26ab12a7a,1
WRIST_f28c3a11a3,0
WRIST_f2977b9c90,0
WRIST_f2a681d85b,0
WRIST_f2c38e6e45,1
WRIST_f3007ac804,0
WRIST_f374156cf6,1
WRIST_f3eebe3630,1
WRIST_f427cb2860,1
WRIST_f43fdbf5b2,1
WRIST_f453203f70,1
WRIST_f456c76608,1
WRIST_f4a583daec,1
WRIST_f4ab06eab3,0
WRIST_f4b3b9a5ae,1
WRIST_f4b6d2f640,1
WRIST_f4dbe91ef1,1
WRIST_f4e904b666,0
WRIST_f4ec5093f2,0
WRIST_f5089ec43b,1
WRIST_f5156dbb32,0
WRIST_f54ef5d108,1
WRIST_f5709f87dd,0
WRIST_f580ae529a,0
WRIST_f5817c0d07,1
WRIST_f584c072e1,0
WRIST_f58dbef31a,1
WRIST_f5c6cbcd8e,0
WRIST_f5df9fc016,1
WRIST_f5fc6f9c41,1
WRIST_f6043bce64,1
WRIST_f60e6ced1c,1
WRIST_f62f852d7c,1
WRIST_f6a2a0af65,0
WRIST_f6a31bb228,1
WRIST_f6c51153b8,0
WRIST_f6c8215fe1,1
WRIST_f6e76f14ed,1
WRIST_f6ed6f167d,0
WRIST_f707a61114,0
WRIST_f71110ded3,0
WRIST_f715a43de3,1
WRIST_f7bf158d87,1
WRIST_f7f57881c4,0
WRIST_f7fbb88b68,0
WRIST_f7ffdc3b4f,1
WRIST_f8050a098a,1
WRIST_f80874921e,0
WRIST_f80c0f3d87,0
WRIST_f810f6dbf6,0
WRIST_f82430ab44,1
WRIST_f83618a346,0
WRIST_f84763d691,1
WRIST_f89e825530,0
WRIST_f8f2c9c8b6,1
WRIST_f902e71739,1
WRIST_f90d83230c,1
WRIST_f94ee6463e,1
WRIST_f96560979d,1
WRIST_f983e524b7,0
WRIST_f988fccf6d,0
WRIST_f9e7f2b23b,1
WRIST_fa16795ee4,1
WRIST_fa292da074,0
WRIST_fa3d21b200,1
WRIST_fa4cf89824,0
WRIST_fa5b7dc92a,1
WRIST_fa6c6c149c,0
WRIST_fa8e98c347,1
WRIST_faa479b53d,0
WRIST_faae0ae866,0
WRIST_fab020d3b3,1
WRIST_fb0f69d0ff,0
WRIST_fb1fe00219,1
WRIST_fb328808cb,1
WRIST_fb8d9b3b16,0
WRIST_fb991d64bc,0
WRIST_fba820401b,0
WRIST_fbd0c7df6b,0
WRIST_fbde532f94,0
WRIST_fbf7680f57,1
WRIST_fc32d8e323,0
WRIST_fc3c7ccb7e,0
WRIST_fc4976b8b0,0
WRIST_fc50da7fd4,1
WRIST_fca9a0b6c9,1
WRIST_fcab555ae9,0
WRIST_fd33bcfff0,0
WRIST_fd3c9c5c39,1
WRIST_fdc9e14c50,1
WRIST_fde00432e3,1
WRIST_fe0a26369e,0
WRIST_fe1440e298,1
WRIST_fe1eb7cce5,1
WRIST_fe51fbab9f,0
WRIST_fe9d575614,1
WRIST_feb035299c,0
WRIST_feebc4895c,0
WRIST_ff01762169,1
WRIST_ff079757c2,1
WRIST_ff0ee86fb1,1
WRIST_ff2cf9ff2a,1
WRIST_ff39824aa4,0
WRIST_ff5128afcd,1
WRIST_ff60656c01,0
WRIST_ffaf60a955,0
WRIST_fff3b05bc0,0
